Year;Team; QB ; RB ; WR ; TE ; OL ; Offense ; IDL ; EDGE ; LB ; S ; CB ; Defense ; Total ; QB_pct ; RB_pct ; WR_pct ; TE_pct ; OL_pct ; Offense_pct ; IDL_pct ; EDGE_pct ; LB_pct ; S_pct ; CB_pct ; Defense_pct ; Total_pct ; Playoff_appearance ; Division_championship ; SB_appearance ; SB_victory 
2013;Eagles; 13 385 137 ; 10 203 112 ; 19 241 989 ; 5 509 036 ; 25 664 899 ; 74 004 173 ; 5 264 666 ; 10 241 101 ; 11 304 817 ; 6 920 158 ; 6 032 738 ; 24 257 713 ; 98 261 886 ; 0.136 ; 0.104 ; 0.196 ; 0.056 ; 0.261 ; 0.753 ; 0.054 ; 0.104 ; 0.115 ; 0.070 ; 0.061 ; 0.247 ; 1.000 ;1;1;0;0
2013;Seahawks; 1 557 085 ; 10 799 653 ; 16 831 423 ; 12 778 788 ; 27 955 261 ; 69 922 210 ; 7 701 509 ; 25 013 832 ; 7 377 232 ; 8 579 619 ; 3 507 877 ; 19 464 728 ; 89 386 938 ; 0.017 ; 0.121 ; 0.188 ; 0.143 ; 0.313 ; 0.782 ; 0.086 ; 0.280 ; 0.083 ; 0.096 ; 0.039 ; 0.218 ; 1.000 ;1;1;0;0
2013;Titans; 6 336 958 ; 15 376 098 ; 12 686 896 ; 6 979 500 ; 26 721 984 ; 68 101 436 ; 6 496 528 ; 8 776 293 ; 5 740 835 ; 10 777 066 ; 9 602 477 ; 26 120 378 ; 94 221 814 ; 0.067 ; 0.163 ; 0.135 ; 0.074 ; 0.284 ; 0.723 ; 0.069 ; 0.093 ; 0.061 ; 0.114 ; 0.102 ; 0.277 ; 1.000 ;0;0;0;0
2013;Broncos; 18 716 295 ; 5 070 632 ; 10 120 554 ; 8 013 902 ; 24 318 758 ; 66 240 141 ; 6 880 138 ; 5 313 554 ; 12 951 882 ; 5 894 346 ; 17 559 225 ; 36 405 453 ; 102 645 594 ; 0.182 ; 0.049 ; 0.099 ; 0.078 ; 0.237 ; 0.645 ; 0.067 ; 0.052 ; 0.126 ; 0.057 ; 0.171 ; 0.355 ; 1.000 ;1;1;1;1
2013;Giants; 21 998 400 ; 5 036 739 ; 8 677 626 ; 2 998 913 ; 24 235 900 ; 62 947 578 ; 5 118 995 ; 9 523 813 ; 7 916 847 ; 12 704 990 ; 11 202 110 ; 31 823 947 ; 94 771 525 ; 0.232 ; 0.053 ; 0.092 ; 0.032 ; 0.256 ; 0.664 ; 0.054 ; 0.100 ; 0.084 ; 0.134 ; 0.118 ; 0.336 ; 1.000 ;0;0;0;0
2013;Texans; 11 756 250 ; 10 825 134 ; 14 247 672 ; 6 948 519 ; 18 690 874 ; 62 468 449 ; 14 561 734 ; 3 770 636 ; 11 363 949 ; 7 816 547 ; 16 655 776 ; 35 836 272 ; 98 304 721 ; 0.120 ; 0.110 ; 0.145 ; 0.071 ; 0.190 ; 0.635 ; 0.148 ; 0.038 ; 0.116 ; 0.080 ; 0.169 ; 0.365 ; 1.000 ;0;0;0;0
2013;Saints; 18 193 235 ; 9 159 749 ; 11 679 433 ; 3 245 951 ; 18 150 025 ; 60 428 393 ; 6 004 380 ; 14 326 594 ; 14 117 416 ; 9 960 582 ; 11 598 369 ; 35 676 367 ; 96 104 760 ; 0.189 ; 0.095 ; 0.122 ; 0.034 ; 0.189 ; 0.629 ; 0.062 ; 0.149 ; 0.147 ; 0.104 ; 0.121 ; 0.371 ; 1.000 ;1;0;0;0
2013;Vikings; 8 470 554 ; 15 752 460 ; 10 378 281 ; 4 582 245 ; 20 329 032 ; 59 512 572 ; 11 556 066 ; 24 552 100 ; 13 577 945 ; 5 691 438 ; 4 206 849 ; 23 476 232 ; 82 988 804 ; 0.102 ; 0.190 ; 0.125 ; 0.055 ; 0.245 ; 0.717 ; 0.139 ; 0.296 ; 0.164 ; 0.069 ; 0.051 ; 0.283 ; 1.000 ;0;0;0;0
2013;Chargers; 15 996 516 ; 5 201 250 ; 10 926 398 ; 8 795 715 ; 17 428 226 ; 58 348 105 ; 6 241 425 ; 13 838 120 ; 18 393 172 ; 11 490 435 ; 4 839 588 ; 34 723 195 ; 93 071 300 ; 0.172 ; 0.056 ; 0.117 ; 0.095 ; 0.187 ; 0.627 ; 0.067 ; 0.149 ; 0.198 ; 0.123 ; 0.052 ; 0.373 ; 1.000 ;1;0;0;0
2013;Falcons; 10 920 140 ; 6 293 062 ; 17 406 642 ; 6 938 146 ; 16 464 048 ; 58 022 038 ; 9 806 798 ; 8 139 270 ; 8 433 728 ; 7 249 890 ; 9 276 181 ; 24 959 799 ; 82 981 837 ; 0.132 ; 0.076 ; 0.210 ; 0.084 ; 0.198 ; 0.699 ; 0.118 ; 0.098 ; 0.102 ; 0.087 ; 0.112 ; 0.301 ; 1.000 ;0;0;0;0
2013;Lions; 21 556 666 ; 3 987 009 ; 15 383 546 ; 4 207 277 ; 12 601 451 ; 57 735 949 ; 14 671 559 ; 7 814 297 ; 10 468 126 ; 4 758 334 ; 6 133 807 ; 21 360 267 ; 79 096 216 ; 0.273 ; 0.050 ; 0.194 ; 0.053 ; 0.159 ; 0.730 ; 0.185 ; 0.099 ; 0.132 ; 0.060 ; 0.078 ; 0.270 ; 1.000 ;0;0;0;0
2013;49ers; 2 897 535 ; 9 182 062 ; 16 963 177 ; 10 569 598 ; 17 581 156 ; 57 193 528 ; 10 739 483 ; 10 194 288 ; 17 860 800 ; 10 696 955 ; 13 185 741 ; 41 743 496 ; 98 937 024 ; 0.029 ; 0.093 ; 0.171 ; 0.107 ; 0.178 ; 0.578 ; 0.109 ; 0.103 ; 0.181 ; 0.108 ; 0.133 ; 0.422 ; 1.000 ;1;0;0;0
2013;Jets; 14 759 018 ; 4 154 535 ; 12 811 933 ; 2 593 765 ; 21 566 132 ; 55 885 383 ; 5 447 833 ; 4 476 989 ; 19 680 284 ; 3 028 114 ; 13 025 418 ; 35 733 816 ; 91 619 199 ; 0.161 ; 0.045 ; 0.140 ; 0.028 ; 0.235 ; 0.610 ; 0.059 ; 0.049 ; 0.215 ; 0.033 ; 0.142 ; 0.390 ; 1.000 ;0;0;0;0
2013;Packers; 13 013 000 ; 2 429 420 ; 10 223 980 ; 11 341 695 ; 17 576 974 ; 54 585 069 ; 15 831 195 ; 12 650 974 ; 21 036 760 ; 4 969 273 ; 13 957 143 ; 39 963 176 ; 94 548 245 ; 0.138 ; 0.026 ; 0.108 ; 0.120 ; 0.186 ; 0.577 ; 0.167 ; 0.134 ; 0.222 ; 0.053 ; 0.148 ; 0.423 ; 1.000 ;1;1;0;0
2013;Patriots; 14 603 953 ; 3 682 367 ; 8 749 814 ; 4 150 882 ; 22 775 490 ; 53 962 506 ; 14 346 097 ; 6 420 702 ; 10 801 171 ; 7 386 653 ; 8 618 787 ; 26 806 611 ; 80 769 117 ; 0.181 ; 0.046 ; 0.108 ; 0.051 ; 0.282 ; 0.668 ; 0.178 ; 0.079 ; 0.134 ; 0.091 ; 0.107 ; 0.332 ; 1.000 ;1;1;0;0
2013;Redskins; 5 972 967 ; 2 212 882 ; 19 735 321 ; 4 645 357 ; 20 025 614 ; 52 592 141 ; 14 227 749 ; 9 152 416 ; 19 629 100 ; 4 619 719 ; 7 102 431 ; 31 351 250 ; 83 943 391 ; 0.071 ; 0.026 ; 0.235 ; 0.055 ; 0.239 ; 0.627 ; 0.169 ; 0.109 ; 0.234 ; 0.055 ; 0.085 ; 0.373 ; 1.000 ;0;0;0;0
2013;Bears; 11 276 471 ; 12 036 166 ; 16 580 067 ; 2 495 000 ; 10 071 052 ; 52 458 756 ; 10 999 363 ; 18 744 765 ; 12 510 915 ; 3 802 254 ; 15 375 000 ; 31 688 169 ; 84 146 925 ; 0.134 ; 0.143 ; 0.197 ; 0.030 ; 0.120 ; 0.623 ; 0.131 ; 0.223 ; 0.149 ; 0.045 ; 0.183 ; 0.377 ; 1.000 ;0;0;0;0
2013;Panthers; 7 579 454 ; 9 290 450 ; 11 041 036 ; 4 325 000 ; 18 981 126 ; 51 217 066 ; 5 096 152 ; 11 629 844 ; 12 335 911 ; 6 639 853 ; 3 244 456 ; 22 220 220 ; 73 437 286 ; 0.103 ; 0.127 ; 0.150 ; 0.059 ; 0.258 ; 0.697 ; 0.069 ; 0.158 ; 0.168 ; 0.090 ; 0.044 ; 0.303 ; 1.000 ;1;1;1;0
2013;Cardinals; 6 172 993 ; 5 306 754 ; 15 022 466 ; 4 425 078 ; 19 171 690 ; 50 098 981 ; 20 498 000 ; 5 347 625 ; 13 311 655 ; 2 809 618 ; 10 407 900 ; 26 529 173 ; 76 628 154 ; 0.081 ; 0.069 ; 0.196 ; 0.058 ; 0.250 ; 0.654 ; 0.267 ; 0.070 ; 0.174 ; 0.037 ; 0.136 ; 0.346 ; 1.000 ;0;0;0;0
2013;Cowboys; 13 818 982 ; 2 257 011 ; 8 120 768 ; 5 623 758 ; 19 470 710 ; 49 291 229 ; 4 133 225 ; 20 864 805 ; 26 468 546 ; 3 626 564 ; 12 623 808 ; 42 718 918 ; 92 010 147 ; 0.150 ; 0.025 ; 0.088 ; 0.061 ; 0.212 ; 0.536 ; 0.045 ; 0.227 ; 0.288 ; 0.039 ; 0.137 ; 0.464 ; 1.000 ;0;0;0;0
2013;Colts; 8 626 545 ; 7 195 732 ; 11 908 481 ; 2 615 661 ; 18 601 449 ; 48 947 868 ; 12 837 390 ; 16 498 650 ; 20 991 429 ; 13 323 235 ; 9 596 407 ; 43 911 071 ; 92 858 939 ; 0.093 ; 0.077 ; 0.128 ; 0.028 ; 0.200 ; 0.527 ; 0.138 ; 0.178 ; 0.226 ; 0.143 ; 0.103 ; 0.473 ; 1.000 ;1;1;0;0
2013;Chiefs; 10 708 333 ; 5 379 755 ; 8 668 150 ; 3 435 650 ; 20 708 982 ; 48 900 870 ; 13 759 289 ; 17 451 636 ; 22 533 136 ; 13 251 425 ; 13 096 878 ; 48 881 439 ; 97 782 309 ; 0.110 ; 0.055 ; 0.089 ; 0.035 ; 0.212 ; 0.500 ; 0.141 ; 0.178 ; 0.230 ; 0.136 ; 0.134 ; 0.500 ; 1.000 ;1;0;0;0
2013;Rams; 13 705 176 ; 2 637 944 ; 5 479 738 ; 6 217 555 ; 19 240 160 ; 47 280 573 ; 9 376 091 ; 13 967 275 ; 15 711 252 ; 3 645 196 ; 17 453 159 ; 36 809 607 ; 84 090 180 ; 0.163 ; 0.031 ; 0.065 ; 0.074 ; 0.229 ; 0.562 ; 0.112 ; 0.166 ; 0.187 ; 0.043 ; 0.208 ; 0.438 ; 1.000 ;0;0;0;0
2013;Buccaneers; 1 184 375 ; 4 644 753 ; 13 444 505 ; 2 393 504 ; 25 305 673 ; 46 972 810 ; 14 773 893 ; 5 032 152 ; 5 943 624 ; 13 033 579 ; 19 521 921 ; 38 499 124 ; 85 471 934 ; 0.014 ; 0.054 ; 0.157 ; 0.028 ; 0.296 ; 0.550 ; 0.173 ; 0.059 ; 0.070 ; 0.152 ; 0.228 ; 0.450 ; 1.000 ;0;0;0;0
2013;Steelers; 15 393 138 ; 2 549 641 ; 8 799 844 ; 9 207 474 ; 10 836 255 ; 46 786 352 ; 12 586 770 ; 12 823 812 ; 21 979 116 ; 16 480 395 ; 11 069 889 ; 49 529 400 ; 96 315 752 ; 0.160 ; 0.026 ; 0.091 ; 0.096 ; 0.113 ; 0.486 ; 0.131 ; 0.133 ; 0.228 ; 0.171 ; 0.115 ; 0.514 ; 1.000 ;0;0;0;0
2013;Jaguars; 8 347 588 ; 9 012 941 ; 6 832 868 ; 7 160 882 ; 14 812 080 ; 46 166 359 ; 4 612 010 ; 9 323 215 ; 13 544 999 ; 2 631 626 ; 3 572 072 ; 19 748 697 ; 65 915 056 ; 0.127 ; 0.137 ; 0.104 ; 0.109 ; 0.225 ; 0.700 ; 0.070 ; 0.141 ; 0.205 ; 0.040 ; 0.054 ; 0.300 ; 1.000 ;0;0;0;0
2013;Bengals; 2 862 833 ; 5 750 703 ; 8 730 272 ; 5 005 166 ; 22 390 147 ; 44 739 121 ; 13 979 869 ; 24 778 885 ; 8 370 673 ; 5 834 061 ; 16 118 302 ; 30 323 036 ; 75 062 157 ; 0.038 ; 0.077 ; 0.116 ; 0.067 ; 0.298 ; 0.596 ; 0.186 ; 0.330 ; 0.112 ; 0.078 ; 0.215 ; 0.404 ; 1.000 ;1;1;0;0
2013;Ravens; 7 381 327 ; 7 936 927 ; 7 986 810 ; 3 966 000 ; 16 354 916 ; 43 625 980 ; 17 275 372 ; 19 320 572 ; 23 913 572 ; 3 813 423 ; 10 949 281 ; 38 676 276 ; 82 302 256 ; 0.090 ; 0.096 ; 0.097 ; 0.048 ; 0.199 ; 0.530 ; 0.210 ; 0.235 ; 0.291 ; 0.046 ; 0.133 ; 0.470 ; 1.000 ;0;0;0;0
2013;Bills; 4 663 940 ; 8 362 867 ; 8 979 223 ; 4 489 668 ; 14 455 361 ; 40 951 059 ; 16 611 040 ; 13 270 000 ; 6 284 838 ; 10 503 423 ; 7 069 748 ; 23 858 009 ; 64 809 068 ; 0.072 ; 0.129 ; 0.139 ; 0.069 ; 0.223 ; 0.632 ; 0.256 ; 0.205 ; 0.097 ; 0.162 ; 0.109 ; 0.368 ; 1.000 ;0;0;0;0
2013;Dolphins; 5 859 205 ; 2 412 352 ; 8 242 874 ; 6 007 127 ; 17 575 011 ; 40 096 569 ; 15 944 118 ; 11 848 139 ; 9 006 508 ; 5 027 138 ; 13 351 955 ; 27 385 601 ; 67 482 170 ; 0.087 ; 0.036 ; 0.122 ; 0.089 ; 0.260 ; 0.594 ; 0.236 ; 0.176 ; 0.133 ; 0.074 ; 0.198 ; 0.406 ; 1.000 ;0;0;0;0
2013;Browns; 4 171 299 ; 2 200 883 ; 5 666 354 ; 2 620 527 ; 23 789 034 ; 38 448 097 ; 19 292 955 ; 14 276 906 ; 20 237 182 ; 2 500 318 ; 10 928 931 ; 33 666 431 ; 72 114 528 ; 0.058 ; 0.031 ; 0.079 ; 0.036 ; 0.330 ; 0.533 ; 0.268 ; 0.198 ; 0.281 ; 0.035 ; 0.152 ; 0.467 ; 1.000 ;0;0;0;0
2013;Raiders; 1 146 517 ; 11 735 884 ; 4 609 651 ; 1 496 363 ; 10 275 023 ; 29 263 438 ; 5 163 512 ; 2 078 750 ; 6 548 030 ; 6 752 294 ; 6 782 330 ; 20 082 654 ; 49 346 092 ; 0.023 ; 0.238 ; 0.093 ; 0.030 ; 0.208 ; 0.593 ; 0.105 ; 0.042 ; 0.133 ; 0.137 ; 0.137 ; 0.407 ; 1.000 ;0;0;0;0
2014;Falcons; 18 576 474 ; 6 980 028 ; 17 966 288 ; 1 247 246 ; 26 480 666 ; 71 250 702 ; 14 382 019 ; 9 969 271 ; 7 666 852 ; 7 645 545 ; 5 342 576 ; 20 654 973 ; 91 905 675 ; 0.202 ; 0.076 ; 0.195 ; 0.014 ; 0.288 ; 0.775 ; 0.156 ; 0.108 ; 0.083 ; 0.083 ; 0.058 ; 0.225 ; 1.000 ;0;0;0;0
2014;Saints; 19 064 118 ; 5 399 617 ; 12 178 739 ; 6 269 241 ; 25 334 966 ; 68 246 681 ; 8 361 135 ; 5 228 215 ; 14 454 920 ; 9 017 368 ; 8 305 918 ; 31 778 206 ; 100 024 887 ; 0.191 ; 0.054 ; 0.122 ; 0.063 ; 0.253 ; 0.682 ; 0.084 ; 0.052 ; 0.145 ; 0.090 ; 0.083 ; 0.318 ; 1.000 ;0;0;0;0
2014;Broncos; 18 629 094 ; 2 748 063 ; 18 771 159 ; 3 669 295 ; 22 809 266 ; 66 626 877 ; 7 401 361 ; 11 939 602 ; 10 658 503 ; 7 141 122 ; 15 320 403 ; 33 120 028 ; 99 746 905 ; 0.187 ; 0.028 ; 0.188 ; 0.037 ; 0.229 ; 0.668 ; 0.074 ; 0.120 ; 0.107 ; 0.072 ; 0.154 ; 0.332 ; 1.000 ;1;1;0;0
2014;Chargers; 17 856 766 ; 8 605 886 ; 10 851 816 ; 9 315 091 ; 19 973 727 ; 66 603 286 ; 6 971 904 ; 12 045 271 ; 18 069 498 ; 13 044 216 ; 6 186 511 ; 37 300 225 ; 103 903 511 ; 0.172 ; 0.083 ; 0.104 ; 0.090 ; 0.192 ; 0.641 ; 0.067 ; 0.116 ; 0.174 ; 0.126 ; 0.060 ; 0.359 ; 1.000 ;0;0;0;0
2014;Eagles; 3 772 237 ; 16 415 834 ; 10 693 053 ; 5 720 045 ; 29 446 666 ; 66 047 835 ; 6 088 275 ; 17 791 018 ; 17 603 337 ; 7 603 608 ; 13 632 290 ; 38 839 235 ; 104 887 070 ; 0.036 ; 0.157 ; 0.102 ; 0.055 ; 0.281 ; 0.630 ; 0.058 ; 0.170 ; 0.168 ; 0.072 ; 0.130 ; 0.370 ; 1.000 ;0;0;0;0
2014;Rams; 19 930 000 ; 3 635 133 ; 7 489 962 ; 8 642 056 ; 26 264 010 ; 65 961 161 ; 12 047 009 ; 21 708 707 ; 13 272 617 ; 4 207 611 ; 3 599 498 ; 21 079 726 ; 87 040 887 ; 0.229 ; 0.042 ; 0.086 ; 0.099 ; 0.302 ; 0.758 ; 0.138 ; 0.249 ; 0.152 ; 0.048 ; 0.041 ; 0.242 ; 1.000 ;0;0;0;0
2014;Bears; 19 219 118 ; 9 580 845 ; 12 299 126 ; 7 234 947 ; 16 590 321 ; 64 924 357 ; 4 235 688 ; 14 352 349 ; 10 686 451 ; 4 434 278 ; 11 742 197 ; 26 862 926 ; 91 787 283 ; 0.209 ; 0.104 ; 0.134 ; 0.079 ; 0.181 ; 0.707 ; 0.046 ; 0.156 ; 0.116 ; 0.048 ; 0.128 ; 0.293 ; 1.000 ;0;0;0;0
2014;Dolphins; 9 024 346 ; 5 275 190 ; 28 597 229 ; 2 453 213 ; 19 150 146 ; 64 500 124 ; 8 545 725 ; 16 269 884 ; 19 901 899 ; 7 286 117 ; 12 603 136 ; 39 791 152 ; 104 291 276 ; 0.087 ; 0.051 ; 0.274 ; 0.024 ; 0.184 ; 0.618 ; 0.082 ; 0.156 ; 0.191 ; 0.070 ; 0.121 ; 0.382 ; 1.000 ;0;0;0;0
2014;Vikings; 10 278 077 ; 13 954 903 ; 10 289 462 ; 3 870 027 ; 24 118 962 ; 62 511 431 ; 9 823 887 ; 16 318 199 ; 13 041 933 ; 3 934 664 ; 7 924 243 ; 24 900 840 ; 87 412 271 ; 0.118 ; 0.160 ; 0.118 ; 0.044 ; 0.276 ; 0.715 ; 0.112 ; 0.187 ; 0.149 ; 0.045 ; 0.091 ; 0.285 ; 1.000 ;0;0;0;0
2014;Texans; 4 907 663 ; 9 457 433 ; 19 869 037 ; 4 412 445 ; 23 166 716 ; 61 813 294 ; 7 277 519 ; 8 070 107 ; 16 551 231 ; 3 124 451 ; 17 795 552 ; 37 471 234 ; 99 284 528 ; 0.049 ; 0.095 ; 0.200 ; 0.044 ; 0.233 ; 0.623 ; 0.073 ; 0.081 ; 0.167 ; 0.031 ; 0.179 ; 0.377 ; 1.000 ;0;0;0;0
2014;49ers; 6 114 325 ; 8 372 771 ; 14 014 025 ; 9 364 040 ; 22 908 605 ; 60 773 766 ; 14 751 220 ; 9 959 422 ; 24 197 587 ; 7 042 189 ; 7 623 157 ; 38 862 933 ; 99 636 699 ; 0.061 ; 0.084 ; 0.141 ; 0.094 ; 0.230 ; 0.610 ; 0.148 ; 0.100 ; 0.243 ; 0.071 ; 0.077 ; 0.390 ; 1.000 ;0;0;0;0
2014;Giants; 21 008 400 ; 5 120 134 ; 12 922 572 ; 2 083 825 ; 19 002 962 ; 60 137 893 ; 6 029 589 ; 6 942 313 ; 14 546 482 ; 14 367 378 ; 11 998 314 ; 40 912 174 ; 101 050 067 ; 0.208 ; 0.051 ; 0.128 ; 0.021 ; 0.188 ; 0.595 ; 0.060 ; 0.069 ; 0.144 ; 0.142 ; 0.119 ; 0.405 ; 1.000 ;0;0;0;0
2014;Lions; 17 031 668 ; 6 083 043 ; 18 606 777 ; 5 509 002 ; 11 871 158 ; 59 101 648 ; 27 994 602 ; 10 114 648 ; 13 479 446 ; 5 342 000 ; 4 023 173 ; 22 844 619 ; 81 946 267 ; 0.208 ; 0.074 ; 0.227 ; 0.067 ; 0.145 ; 0.721 ; 0.342 ; 0.123 ; 0.164 ; 0.065 ; 0.049 ; 0.279 ; 1.000 ;1;0;0;0
2014;Redskins; 7 082 926 ; 2 678 257 ; 18 448 822 ; 3 831 981 ; 26 783 400 ; 58 825 386 ; 22 282 539 ; 15 092 287 ; 20 125 647 ; 3 143 824 ; 7 461 353 ; 30 730 824 ; 89 556 210 ; 0.079 ; 0.030 ; 0.206 ; 0.043 ; 0.299 ; 0.657 ; 0.249 ; 0.169 ; 0.225 ; 0.035 ; 0.083 ; 0.343 ; 1.000 ;0;0;0;0
2014;Jets; 5 402 878 ; 6 138 225 ; 15 118 083 ; 3 321 133 ; 27 006 154 ; 56 986 473 ; 7 501 734 ; 7 897 645 ; 15 437 435 ; 4 571 367 ; 7 604 495 ; 27 613 297 ; 84 599 770 ; 0.064 ; 0.073 ; 0.179 ; 0.039 ; 0.319 ; 0.674 ; 0.089 ; 0.093 ; 0.182 ; 0.054 ; 0.090 ; 0.326 ; 1.000 ;0;0;0;0
2014;Titans; 6 035 575 ; 6 896 110 ; 9 394 069 ; 8 033 603 ; 26 321 377 ; 56 680 734 ; 14 157 478 ; 9 059 903 ; 12 146 559 ; 14 007 775 ; 10 683 260 ; 36 837 594 ; 93 518 328 ; 0.065 ; 0.074 ; 0.100 ; 0.086 ; 0.281 ; 0.606 ; 0.151 ; 0.097 ; 0.130 ; 0.150 ; 0.114 ; 0.394 ; 1.000 ;0;0;0;0
2014;Patriots; 15 446 036 ; 4 537 291 ; 13 923 556 ; 7 369 559 ; 15 395 126 ; 56 671 568 ; 10 133 440 ; 5 631 786 ; 12 844 605 ; 8 593 385 ; 15 181 481 ; 36 619 471 ; 93 291 039 ; 0.166 ; 0.049 ; 0.149 ; 0.079 ; 0.165 ; 0.607 ; 0.109 ; 0.060 ; 0.138 ; 0.092 ; 0.163 ; 0.393 ; 1.000 ;1;1;1;1
2014;Chiefs; 8 786 939 ; 11 495 196 ; 17 692 219 ; 6 165 390 ; 12 179 435 ; 56 319 179 ; 14 297 941 ; 16 416 918 ; 24 232 568 ; 14 822 053 ; 8 579 227 ; 47 633 848 ; 103 953 027 ; 0.085 ; 0.111 ; 0.170 ; 0.059 ; 0.117 ; 0.542 ; 0.138 ; 0.158 ; 0.233 ; 0.143 ; 0.083 ; 0.458 ; 1.000 ;0;0;0;0
2014;Steelers; 21 333 138 ; 1 669 039 ; 7 942 649 ; 7 847 766 ; 14 731 514 ; 53 524 106 ; 9 316 267 ; 13 428 435 ; 28 650 595 ; 10 751 868 ; 13 352 245 ; 52 754 708 ; 106 278 814 ; 0.201 ; 0.016 ; 0.075 ; 0.074 ; 0.139 ; 0.504 ; 0.088 ; 0.126 ; 0.270 ; 0.101 ; 0.126 ; 0.496 ; 1.000 ;1;1;0;0
2014;Bengals; 10 928 123 ; 3 654 864 ; 10 856 116 ; 8 253 862 ; 19 718 975 ; 53 411 940 ; 16 160 671 ; 14 597 786 ; 13 702 366 ; 6 534 061 ; 17 739 200 ; 37 975 627 ; 91 387 567 ; 0.120 ; 0.040 ; 0.119 ; 0.090 ; 0.216 ; 0.584 ; 0.177 ; 0.160 ; 0.150 ; 0.071 ; 0.194 ; 0.416 ; 1.000 ;1;0;0;0
2014;Packers; 19 273 750 ; 2 878 903 ; 9 395 943 ; 2 464 445 ; 18 989 544 ; 53 002 585 ; 7 171 589 ; 23 761 153 ; 34 901 978 ; 7 570 989 ; 19 240 070 ; 61 713 037 ; 114 715 622 ; 0.168 ; 0.025 ; 0.082 ; 0.021 ; 0.166 ; 0.462 ; 0.063 ; 0.207 ; 0.304 ; 0.066 ; 0.168 ; 0.538 ; 1.000 ;1;1;0;0
2014;Cowboys; 12 764 666 ; 2 815 945 ; 5 655 361 ; 9 965 144 ; 21 509 863 ; 52 710 979 ; 5 927 135 ; 5 288 895 ; 10 078 315 ; 4 115 045 ; 21 287 488 ; 35 480 848 ; 88 191 827 ; 0.145 ; 0.032 ; 0.064 ; 0.113 ; 0.244 ; 0.598 ; 0.067 ; 0.060 ; 0.114 ; 0.047 ; 0.241 ; 0.402 ; 1.000 ;1;1;0;0
2014;Cardinals; 16 676 701 ; 2 653 397 ; 14 667 325 ; 4 410 632 ; 13 774 076 ; 52 182 131 ; 25 825 251 ; 9 394 096 ; 16 337 662 ; 3 473 804 ; 16 867 423 ; 36 678 889 ; 88 861 020 ; 0.188 ; 0.030 ; 0.165 ; 0.050 ; 0.155 ; 0.587 ; 0.291 ; 0.106 ; 0.184 ; 0.039 ; 0.190 ; 0.413 ; 1.000 ;1;0;0;0
2014;Jaguars; 9 554 830 ; 6 308 882 ; 8 703 307 ; 10 592 682 ; 16 247 624 ; 51 407 325 ; 11 745 833 ; 17 144 223 ; 13 828 131 ; 2 960 477 ; 4 986 002 ; 21 774 610 ; 73 181 935 ; 0.131 ; 0.086 ; 0.119 ; 0.145 ; 0.222 ; 0.702 ; 0.161 ; 0.234 ; 0.189 ; 0.040 ; 0.068 ; 0.298 ; 1.000 ;0;0;0;0
2014;Buccaneers; 5 512 169 ; 3 929 661 ; 17 087 432 ; 4 133 809 ; 20 487 478 ; 51 150 549 ; 26 581 339 ; 14 179 861 ; 5 214 997 ; 10 665 150 ; 12 689 893 ; 28 570 040 ; 79 720 589 ; 0.069 ; 0.049 ; 0.214 ; 0.052 ; 0.257 ; 0.642 ; 0.333 ; 0.178 ; 0.065 ; 0.134 ; 0.159 ; 0.358 ; 1.000 ;0;0;0;0
2014;Panthers; 8 743 113 ; 11 891 700 ; 4 162 200 ; 9 273 200 ; 16 431 582 ; 50 501 795 ; 6 505 547 ; 26 696 480 ; 9 299 071 ; 4 944 876 ; 1 839 412 ; 16 083 359 ; 66 585 154 ; 0.131 ; 0.179 ; 0.063 ; 0.139 ; 0.247 ; 0.758 ; 0.098 ; 0.401 ; 0.140 ; 0.074 ; 0.028 ; 0.242 ; 1.000 ;1;1;0;0
2014;Browns; 2 807 980 ; 1 529 301 ; 10 771 737 ; 4 683 350 ; 30 648 671 ; 50 441 039 ; 17 131 248 ; 13 935 899 ; 19 172 353 ; 6 699 334 ; 17 398 562 ; 43 270 249 ; 93 711 288 ; 0.030 ; 0.016 ; 0.115 ; 0.050 ; 0.327 ; 0.538 ; 0.183 ; 0.149 ; 0.205 ; 0.071 ; 0.186 ; 0.462 ; 1.000 ;0;0;0;0
2014;Seahawks; 2 227 438 ; 9 949 013 ; 6 213 265 ; 7 351 109 ; 23 339 609 ; 49 080 434 ; 11 876 832 ; 14 437 175 ; 11 003 673 ; 14 824 595 ; 6 488 073 ; 32 316 341 ; 81 396 775 ; 0.027 ; 0.122 ; 0.076 ; 0.090 ; 0.287 ; 0.603 ; 0.146 ; 0.177 ; 0.135 ; 0.182 ; 0.080 ; 0.397 ; 1.000 ;1;1;1;0
2014;Ravens; 15 578 427 ; 1 891 185 ; 6 901 832 ; 4 991 340 ; 17 657 641 ; 47 020 425 ; 21 184 683 ; 14 137 592 ; 19 631 410 ; 5 389 608 ; 11 857 910 ; 36 878 928 ; 83 899 353 ; 0.186 ; 0.023 ; 0.082 ; 0.059 ; 0.210 ; 0.560 ; 0.253 ; 0.169 ; 0.234 ; 0.064 ; 0.141 ; 0.440 ; 1.000 ;1;0;0;0
2014;Bills; 6 126 486 ; 11 520 979 ; 6 857 046 ; 3 098 194 ; 19 208 595 ; 46 811 300 ; 13 808 832 ; 23 537 100 ; 16 584 051 ; 7 300 537 ; 12 531 233 ; 36 415 821 ; 83 227 121 ; 0.074 ; 0.138 ; 0.082 ; 0.037 ; 0.231 ; 0.562 ; 0.166 ; 0.283 ; 0.199 ; 0.088 ; 0.151 ; 0.438 ; 1.000 ;0;0;0;0
2014;Colts; 9 779 454 ; 4 019 936 ; 11 976 863 ; 2 894 739 ; 16 559 625 ; 45 230 617 ; 18 582 539 ; 16 302 457 ; 24 218 804 ; 7 474 934 ; 15 753 451 ; 47 447 189 ; 92 677 806 ; 0.106 ; 0.043 ; 0.129 ; 0.031 ; 0.179 ; 0.488 ; 0.201 ; 0.176 ; 0.261 ; 0.081 ; 0.170 ; 0.512 ; 1.000 ;1;1;0;0
2014;Raiders; 9 471 691 ; 6 996 329 ; 9 015 614 ; 1 400 205 ; 17 354 097 ; 44 237 936 ; 8 198 430 ; 14 641 333 ; 5 264 934 ; 13 433 828 ; 11 631 671 ; 30 330 433 ; 74 568 369 ; 0.127 ; 0.094 ; 0.121 ; 0.019 ; 0.233 ; 0.593 ; 0.110 ; 0.196 ; 0.071 ; 0.180 ; 0.156 ; 0.407 ; 1.000 ;0;0;0;0
2015;Broncos; 19 067 139 ; 2 115 642 ; 23 083 075 ; 7 984 142 ; 25 231 140 ; 77 481 138 ; 9 780 662 ; 21 029 315 ; 15 660 017 ; 11 305 871 ; 13 543 730 ; 40 509 618 ; 117 990 756 ; 0.162 ; 0.018 ; 0.196 ; 0.068 ; 0.214 ; 0.657 ; 0.083 ; 0.178 ; 0.133 ; 0.096 ; 0.115 ; 0.343 ; 1.000 ;1;1;1;1
2015;Vikings; 5 245 038 ; 16 960 950 ; 15 700 531 ; 8 705 993 ; 29 660 487 ; 76 272 999 ; 10 108 617 ; 15 465 984 ; 11 870 684 ; 5 565 439 ; 14 643 487 ; 32 079 610 ; 108 352 609 ; 0.048 ; 0.157 ; 0.145 ; 0.080 ; 0.274 ; 0.704 ; 0.093 ; 0.143 ; 0.110 ; 0.051 ; 0.135 ; 0.296 ; 1.000 ;1;1;0;0
2015;Redskins; 8 997 885 ; 3 242 342 ; 24 335 809 ; 5 451 490 ; 27 764 389 ; 69 791 915 ; 20 732 031 ; 9 316 339 ; 16 256 059 ; 6 696 517 ; 10 756 352 ; 33 708 928 ; 103 500 843 ; 0.087 ; 0.031 ; 0.235 ; 0.053 ; 0.268 ; 0.674 ; 0.200 ; 0.090 ; 0.157 ; 0.065 ; 0.104 ; 0.326 ; 1.000 ;1;1;0;0
2015;Jets; 5 192 407 ; 6 431 875 ; 20 552 089 ; 4 191 281 ; 33 201 673 ; 69 569 325 ; 17 302 830 ; 3 696 387 ; 14 242 642 ; 8 846 076 ; 31 508 947 ; 54 597 665 ; 124 166 990 ; 0.042 ; 0.052 ; 0.166 ; 0.034 ; 0.267 ; 0.560 ; 0.139 ; 0.030 ; 0.115 ; 0.071 ; 0.254 ; 0.440 ; 1.000 ;0;0;0;0
2015;Eagles; 17 392 354 ; 12 012 071 ; 9 224 526 ; 6 878 554 ; 23 951 203 ; 69 458 708 ; 8 704 164 ; 16 527 523 ; 11 345 110 ; 11 129 568 ; 13 900 914 ; 36 375 592 ; 105 834 300 ; 0.164 ; 0.113 ; 0.087 ; 0.065 ; 0.226 ; 0.656 ; 0.082 ; 0.156 ; 0.107 ; 0.105 ; 0.131 ; 0.344 ; 1.000 ;0;0;0;0
2015;Patriots; 14 791 795 ; 4 340 249 ; 16 040 318 ; 12 066 813 ; 21 165 260 ; 68 404 435 ; 7 937 534 ; 12 837 644 ; 12 869 670 ; 11 471 634 ; 4 536 710 ; 28 878 014 ; 97 282 449 ; 0.152 ; 0.045 ; 0.165 ; 0.124 ; 0.218 ; 0.703 ; 0.082 ; 0.132 ; 0.132 ; 0.118 ; 0.047 ; 0.297 ; 1.000 ;1;1;0;0
2015;Chargers; 23 002 368 ; 7 201 545 ; 8 556 430 ; 10 790 590 ; 18 814 927 ; 68 365 860 ; 13 709 705 ; 4 619 834 ; 14 749 306 ; 12 240 418 ; 9 571 186 ; 36 560 910 ; 104 926 770 ; 0.219 ; 0.069 ; 0.082 ; 0.103 ; 0.179 ; 0.652 ; 0.131 ; 0.044 ; 0.141 ; 0.117 ; 0.091 ; 0.348 ; 1.000 ;0;0;0;0
2015;Lions; 18 498 450 ; 5 554 369 ; 25 484 600 ; 7 702 332 ; 10 416 454 ; 67 656 205 ; 12 313 980 ; 11 899 684 ; 13 578 562 ; 8 736 044 ; 5 062 376 ; 27 376 982 ; 95 033 187 ; 0.195 ; 0.058 ; 0.268 ; 0.081 ; 0.110 ; 0.712 ; 0.130 ; 0.125 ; 0.143 ; 0.092 ; 0.053 ; 0.288 ; 1.000 ;0;0;0;0
2015;Bears; 16 725 388 ; 11 448 751 ; 12 781 274 ; 7 560 294 ; 17 921 204 ; 66 436 911 ; 5 097 132 ; 17 841 113 ; 22 051 239 ; 8 796 854 ; 6 925 380 ; 37 773 473 ; 104 210 384 ; 0.160 ; 0.110 ; 0.123 ; 0.073 ; 0.172 ; 0.638 ; 0.049 ; 0.171 ; 0.212 ; 0.084 ; 0.066 ; 0.362 ; 1.000 ;0;0;0;0
2015;Cardinals; 11 834 168 ; 2 946 734 ; 16 186 291 ; 5 182 957 ; 29 469 242 ; 65 619 392 ; 23 944 442 ; 5 601 270 ; 14 351 703 ; 4 181 310 ; 22 409 565 ; 40 942 578 ; 106 561 970 ; 0.111 ; 0.028 ; 0.152 ; 0.049 ; 0.277 ; 0.616 ; 0.225 ; 0.053 ; 0.135 ; 0.039 ; 0.210 ; 0.384 ; 1.000 ;1;1;0;0
2015;Falcons; 20 208 674 ; 2 086 750 ; 23 948 138 ; 2 839 587 ; 15 191 609 ; 64 274 758 ; 14 046 673 ; 11 391 348 ; 9 188 588 ; 7 655 153 ; 5 104 050 ; 21 947 791 ; 86 222 549 ; 0.234 ; 0.024 ; 0.278 ; 0.033 ; 0.176 ; 0.745 ; 0.163 ; 0.132 ; 0.107 ; 0.089 ; 0.059 ; 0.255 ; 1.000 ;0;0;0;0
2015;Panthers; 15 429 000 ; 9 847 396 ; 8 456 702 ; 8 146 666 ; 21 230 527 ; 63 110 291 ; 6 489 428 ; 23 632 158 ; 18 067 227 ; 5 187 392 ; 4 940 895 ; 28 195 514 ; 91 305 805 ; 0.169 ; 0.108 ; 0.093 ; 0.089 ; 0.233 ; 0.691 ; 0.071 ; 0.259 ; 0.198 ; 0.057 ; 0.054 ; 0.309 ; 1.000 ;1;1;1;0
2015;Bengals; 10 238 778 ; 4 040 770 ; 18 726 078 ; 3 962 305 ; 26 041 777 ; 63 009 708 ; 14 160 300 ; 11 753 976 ; 20 598 622 ; 8 119 150 ; 16 808 890 ; 45 526 662 ; 108 536 370 ; 0.094 ; 0.037 ; 0.173 ; 0.037 ; 0.240 ; 0.581 ; 0.130 ; 0.108 ; 0.190 ; 0.075 ; 0.155 ; 0.419 ; 1.000 ;1;1;0;0
2015;Jaguars; 8 194 273 ; 5 564 721 ; 7 847 093 ; 16 447 200 ; 24 810 232 ; 62 863 519 ; 22 356 097 ; 12 025 078 ; 13 628 224 ; 5 375 948 ; 9 416 089 ; 28 420 261 ; 91 283 780 ; 0.090 ; 0.061 ; 0.086 ; 0.180 ; 0.272 ; 0.689 ; 0.245 ; 0.132 ; 0.149 ; 0.059 ; 0.103 ; 0.311 ; 1.000 ;0;0;0;0
2015;Saints; 25 358 586 ; 5 692 821 ; 9 440 930 ; 3 887 942 ; 18 404 737 ; 62 785 016 ; 4 811 895 ; 5 489 433 ; 10 965 605 ; 11 168 099 ; 9 757 823 ; 31 891 527 ; 94 676 543 ; 0.268 ; 0.060 ; 0.100 ; 0.041 ; 0.194 ; 0.663 ; 0.051 ; 0.058 ; 0.116 ; 0.118 ; 0.103 ; 0.337 ; 1.000 ;0;0;0;0
2015;Giants; 15 240 800 ; 6 883 801 ; 14 975 789 ; 1 889 705 ; 23 070 742 ; 62 060 837 ; 5 124 721 ; 13 672 478 ; 10 989 660 ; 3 336 069 ; 17 527 051 ; 31 852 780 ; 93 913 617 ; 0.162 ; 0.073 ; 0.159 ; 0.020 ; 0.246 ; 0.661 ; 0.055 ; 0.146 ; 0.117 ; 0.036 ; 0.187 ; 0.339 ; 1.000 ;0;0;0;0
2015;Packers; 20 090 908 ; 2 917 044 ; 13 021 509 ; 3 295 825 ; 21 177 514 ; 60 502 800 ; 10 632 552 ; 35 680 871 ; 36 726 064 ; 10 790 891 ; 13 207 797 ; 60 724 752 ; 121 227 552 ; 0.166 ; 0.024 ; 0.107 ; 0.027 ; 0.175 ; 0.499 ; 0.088 ; 0.294 ; 0.303 ; 0.089 ; 0.109 ; 0.501 ; 1.000 ;1;0;0;0
2015;Ravens; 16 944 412 ; 2 913 788 ; 9 952 732 ; 8 782 294 ; 20 756 704 ; 59 349 930 ; 6 445 633 ; 14 548 637 ; 22 299 734 ; 17 048 671 ; 7 299 764 ; 46 648 169 ; 105 998 099 ; 0.160 ; 0.027 ; 0.094 ; 0.083 ; 0.196 ; 0.560 ; 0.061 ; 0.137 ; 0.210 ; 0.161 ; 0.069 ; 0.440 ; 1.000 ;0;0;0;0
2015;Steelers; 20 358 139 ; 3 265 082 ; 10 701 027 ; 6 131 594 ; 18 800 947 ; 59 256 789 ; 14 557 602 ; 7 727 575 ; 20 934 781 ; 5 560 650 ; 13 377 624 ; 39 873 055 ; 99 129 844 ; 0.205 ; 0.033 ; 0.108 ; 0.062 ; 0.190 ; 0.598 ; 0.147 ; 0.078 ; 0.211 ; 0.056 ; 0.135 ; 0.402 ; 1.000 ;1;0;0;0
2015;Cowboys; 16 983 000 ; 3 636 824 ; 11 395 882 ; 8 455 213 ; 17 609 241 ; 58 080 160 ; 3 212 519 ; 16 676 513 ; 12 864 734 ; 5 252 185 ; 24 161 659 ; 42 278 578 ; 100 358 738 ; 0.169 ; 0.036 ; 0.114 ; 0.084 ; 0.175 ; 0.579 ; 0.032 ; 0.166 ; 0.128 ; 0.052 ; 0.241 ; 0.421 ; 1.000 ;0;0;0;0
2015;49ers; 17 234 471 ; 4 458 248 ; 13 805 614 ; 2 762 661 ; 19 757 909 ; 58 018 903 ; 6 591 793 ; 11 474 979 ; 20 469 116 ; 8 880 119 ; 6 467 970 ; 35 817 205 ; 93 836 108 ; 0.184 ; 0.048 ; 0.147 ; 0.029 ; 0.211 ; 0.618 ; 0.070 ; 0.122 ; 0.218 ; 0.095 ; 0.069 ; 0.382 ; 1.000 ;0;0;0;0
2015;Browns; 8 093 954 ; 1 964 338 ; 14 792 090 ; 5 193 030 ; 27 241 456 ; 57 284 868 ; 15 138 196 ; 14 097 291 ; 21 907 486 ; 11 656 943 ; 23 514 408 ; 57 078 837 ; 114 363 705 ; 0.071 ; 0.017 ; 0.129 ; 0.045 ; 0.238 ; 0.501 ; 0.132 ; 0.123 ; 0.192 ; 0.102 ; 0.206 ; 0.499 ; 1.000 ;0;0;0;0
2015;Chiefs; 21 476 940 ; 9 656 539 ; 6 172 669 ; 2 273 413 ; 16 685 651 ; 56 265 212 ; 11 816 841 ; 13 645 289 ; 21 741 283 ; 14 112 700 ; 11 077 574 ; 46 931 557 ; 103 196 769 ; 0.208 ; 0.094 ; 0.060 ; 0.022 ; 0.162 ; 0.545 ; 0.115 ; 0.132 ; 0.211 ; 0.137 ; 0.107 ; 0.455 ; 1.000 ;1;0;0;0
2015;Rams; 5 218 449 ; 4 573 838 ; 11 865 185 ; 15 475 441 ; 18 702 572 ; 55 835 485 ; 10 316 492 ; 37 018 755 ; 10 751 780 ; 8 220 899 ; 4 293 600 ; 23 266 279 ; 79 101 764 ; 0.066 ; 0.058 ; 0.150 ; 0.196 ; 0.236 ; 0.706 ; 0.130 ; 0.468 ; 0.136 ; 0.104 ; 0.054 ; 0.294 ; 1.000 ;0;0;0;0
2015;Raiders; 1 918 064 ; 3 907 750 ; 12 243 561 ; 4 799 545 ; 31 155 998 ; 54 024 918 ; 10 429 225 ; 13 003 817 ; 12 767 283 ; 14 730 695 ; 4 515 992 ; 32 013 970 ; 86 038 888 ; 0.022 ; 0.045 ; 0.142 ; 0.056 ; 0.362 ; 0.628 ; 0.121 ; 0.151 ; 0.148 ; 0.171 ; 0.052 ; 0.372 ; 1.000 ;0;0;0;0
2015;Buccaneers; 5 965 886 ; 5 081 515 ; 18 129 732 ; 4 336 557 ; 20 141 348 ; 53 655 038 ; 23 969 929 ; 5 445 509 ; 12 188 387 ; 4 087 338 ; 8 260 432 ; 24 536 157 ; 78 191 195 ; 0.076 ; 0.065 ; 0.232 ; 0.055 ; 0.258 ; 0.686 ; 0.307 ; 0.070 ; 0.156 ; 0.052 ; 0.106 ; 0.314 ; 1.000 ;0;0;0;0
2015;Seahawks; 8 554 868 ; 10 635 847 ; 9 888 081 ; 10 063 162 ; 12 810 650 ; 51 952 608 ; 9 600 635 ; 18 100 443 ; 12 979 618 ; 13 893 024 ; 15 557 555 ; 42 430 197 ; 94 382 805 ; 0.091 ; 0.113 ; 0.105 ; 0.107 ; 0.136 ; 0.550 ; 0.102 ; 0.192 ; 0.138 ; 0.147 ; 0.165 ; 0.450 ; 1.000 ;1;0;0;0
2015;Texans; 6 357 837 ; 10 875 801 ; 6 411 093 ; 5 702 571 ; 22 553 824 ; 51 901 126 ; 20 580 901 ; 9 018 355 ; 21 628 161 ; 4 828 838 ; 23 059 240 ; 49 516 239 ; 101 417 365 ; 0.063 ; 0.107 ; 0.063 ; 0.056 ; 0.222 ; 0.512 ; 0.203 ; 0.089 ; 0.213 ; 0.048 ; 0.227 ; 0.488 ; 1.000 ;1;1;0;0
2015;Colts; 10 966 900 ; 5 547 765 ; 13 153 178 ; 4 034 629 ; 14 365 795 ; 48 068 267 ; 14 935 562 ; 24 983 566 ; 35 495 549 ; 5 801 282 ; 21 055 447 ; 62 352 278 ; 110 420 545 ; 0.099 ; 0.050 ; 0.119 ; 0.037 ; 0.130 ; 0.435 ; 0.135 ; 0.226 ; 0.321 ; 0.053 ; 0.191 ; 0.565 ; 1.000 ;0;0;0;0
2015;Dolphins; 7 625 864 ; 2 623 010 ; 7 039 908 ; 6 819 535 ; 23 159 445 ; 47 267 762 ; 11 620 268 ; 18 738 508 ; 9 807 313 ; 10 861 046 ; 14 670 090 ; 35 338 449 ; 82 606 211 ; 0.092 ; 0.032 ; 0.085 ; 0.083 ; 0.280 ; 0.572 ; 0.141 ; 0.227 ; 0.119 ; 0.131 ; 0.178 ; 0.428 ; 1.000 ;0;0;0;0
2015;Bills; 3 732 738 ; 7 707 163 ; 12 781 663 ; 5 735 146 ; 15 086 305 ; 45 043 015 ; 16 827 353 ; 27 384 012 ; 7 661 717 ; 5 657 363 ; 16 809 630 ; 30 128 710 ; 75 171 725 ; 0.050 ; 0.103 ; 0.170 ; 0.076 ; 0.201 ; 0.599 ; 0.224 ; 0.364 ; 0.102 ; 0.075 ; 0.224 ; 0.401 ; 1.000 ;0;0;0;0
2015;Titans; 5 017 020 ; 5 286 810 ; 8 113 034 ; 10 447 500 ; 11 157 861 ; 40 022 225 ; 21 122 812 ; 10 312 803 ; 15 811 256 ; 12 937 775 ; 15 939 246 ; 44 688 277 ; 84 710 502 ; 0.059 ; 0.062 ; 0.096 ; 0.123 ; 0.132 ; 0.472 ; 0.249 ; 0.122 ; 0.187 ; 0.153 ; 0.188 ; 0.528 ; 1.000 ;0;0;0;0
2016;Cowboys; 23 926 148 ; 9 073 966 ; 19 837 501 ; 9 867 494 ; 21 408 752 ; 84 113 861 ; 4 585 559 ; 10 409 388 ; 15 942 586 ; 8 367 517 ; 20 670 361 ; 44 980 464 ; 129 094 325 ; 0.185 ; 0.070 ; 0.154 ; 0.076 ; 0.166 ; 0.652 ; 0.036 ; 0.081 ; 0.123 ; 0.065 ; 0.160 ; 0.348 ; 1.000 ;1;1;0;0
2016;Redskins; 22 237 334 ; 2 428 948 ; 23 519 793 ; 8 387 911 ; 26 070 817 ; 82 644 803 ; 9 823 954 ; 11 615 247 ; 15 794 454 ; 7 736 030 ; 10 733 385 ; 34 263 869 ; 116 908 672 ; 0.190 ; 0.021 ; 0.201 ; 0.072 ; 0.223 ; 0.707 ; 0.084 ; 0.099 ; 0.135 ; 0.066 ; 0.092 ; 0.293 ; 1.000 ;0;0;0;0
2016;Steelers; 25 334 805 ; 4 433 346 ; 16 885 326 ; 4 133 728 ; 28 392 364 ; 79 179 569 ; 14 224 578 ; 10 044 940 ; 30 494 261 ; 7 261 255 ; 6 603 699 ; 44 359 215 ; 123 538 784 ; 0.205 ; 0.036 ; 0.137 ; 0.033 ; 0.230 ; 0.641 ; 0.115 ; 0.081 ; 0.247 ; 0.059 ; 0.053 ; 0.359 ; 1.000 ;1;1;0;0
2016;Patriots; 15 259 305 ; 5 014 925 ; 17 034 672 ; 12 753 868 ; 26 800 280 ; 76 863 050 ; 5 119 235 ; 14 912 527 ; 13 450 124 ; 12 755 434 ; 4 775 449 ; 30 981 007 ; 107 844 057 ; 0.141 ; 0.047 ; 0.158 ; 0.118 ; 0.249 ; 0.713 ; 0.047 ; 0.138 ; 0.125 ; 0.118 ; 0.044 ; 0.287 ; 1.000 ;1;1;1;1
2016;Chargers; 17 180 000 ; 7 117 376 ; 18 017 691 ; 8 274 768 ; 25 663 138 ; 76 252 973 ; 17 468 654 ; 14 930 795 ; 15 314 026 ; 7 089 050 ; 18 462 884 ; 40 865 960 ; 117 118 933 ; 0.147 ; 0.061 ; 0.154 ; 0.071 ; 0.219 ; 0.651 ; 0.149 ; 0.127 ; 0.131 ; 0.061 ; 0.158 ; 0.349 ; 1.000 ;0;0;0;0
2016;Falcons; 25 631 100 ; 1 852 741 ; 21 945 916 ; 5 486 900 ; 21 046 268 ; 75 962 925 ; 3 803 031 ; 20 886 504 ; 10 513 747 ; 4 903 067 ; 6 580 038 ; 21 996 852 ; 97 959 777 ; 0.262 ; 0.019 ; 0.224 ; 0.056 ; 0.215 ; 0.775 ; 0.039 ; 0.213 ; 0.107 ; 0.050 ; 0.067 ; 0.225 ; 1.000 ;1;1;1;0
2016;Vikings; 12 430 538 ; 13 666 191 ; 8 596 564 ; 7 804 564 ; 32 879 606 ; 75 377 463 ; 11 885 987 ; 16 151 461 ; 11 877 574 ; 12 925 603 ; 16 485 260 ; 41 288 437 ; 116 665 900 ; 0.107 ; 0.117 ; 0.074 ; 0.067 ; 0.282 ; 0.646 ; 0.102 ; 0.138 ; 0.102 ; 0.111 ; 0.141 ; 0.354 ; 1.000 ;0;0;0;0
2016;Bears; 20 140 353 ; 2 164 522 ; 23 453 575 ; 4 156 185 ; 25 002 276 ; 74 916 911 ; 10 499 728 ; 23 295 184 ; 35 223 650 ; 3 785 524 ; 9 703 965 ; 48 713 139 ; 123 630 050 ; 0.163 ; 0.018 ; 0.190 ; 0.034 ; 0.202 ; 0.606 ; 0.085 ; 0.188 ; 0.285 ; 0.031 ; 0.078 ; 0.394 ; 1.000 ;0;0;0;0
2016;Panthers; 21 450 000 ; 10 958 863 ; 8 550 593 ; 8 019 942 ; 25 130 242 ; 74 109 640 ; 9 915 073 ; 5 907 171 ; 18 305 233 ; 5 817 094 ; 3 505 394 ; 27 627 721 ; 101 737 361 ; 0.211 ; 0.108 ; 0.084 ; 0.079 ; 0.247 ; 0.728 ; 0.097 ; 0.058 ; 0.180 ; 0.057 ; 0.034 ; 0.272 ; 1.000 ;0;0;0;0
2016;Colts; 19 980 000 ; 5 551 333 ; 14 669 690 ; 11 144 550 ; 20 978 970 ; 72 324 543 ; 11 141 107 ; 17 579 573 ; 23 740 432 ; 7 650 838 ; 13 866 511 ; 45 257 781 ; 117 582 324 ; 0.170 ; 0.047 ; 0.125 ; 0.095 ; 0.178 ; 0.615 ; 0.095 ; 0.150 ; 0.202 ; 0.065 ; 0.118 ; 0.385 ; 1.000 ;0;0;0;0
2016;Bengals; 14 195 413 ; 7 582 248 ; 17 965 568 ; 4 895 878 ; 26 963 355 ; 71 602 462 ; 15 774 614 ; 15 267 615 ; 15 238 247 ; 10 932 963 ; 20 040 214 ; 46 211 424 ; 117 813 886 ; 0.120 ; 0.064 ; 0.152 ; 0.042 ; 0.229 ; 0.608 ; 0.134 ; 0.130 ; 0.129 ; 0.093 ; 0.170 ; 0.392 ; 1.000 ;0;0;0;0
2016;Buccaneers; 8 192 029 ; 9 960 806 ; 20 084 145 ; 4 575 686 ; 28 332 177 ; 71 144 843 ; 18 489 165 ; 14 390 783 ; 15 028 993 ; 5 670 300 ; 21 537 490 ; 42 236 783 ; 113 381 626 ; 0.072 ; 0.088 ; 0.177 ; 0.040 ; 0.250 ; 0.627 ; 0.163 ; 0.127 ; 0.133 ; 0.050 ; 0.190 ; 0.373 ; 1.000 ;0;0;0;0
2016;Cardinals; 20 967 647 ; 5 171 763 ; 19 073 522 ; 5 942 819 ; 19 298 535 ; 70 454 286 ; 23 704 115 ; 12 115 452 ; 17 441 514 ; 11 210 539 ; 16 623 998 ; 45 276 051 ; 115 730 337 ; 0.181 ; 0.045 ; 0.165 ; 0.051 ; 0.167 ; 0.609 ; 0.205 ; 0.105 ; 0.151 ; 0.097 ; 0.144 ; 0.391 ; 1.000 ;0;0;0;0
2016;Packers; 19 910 320 ; 4 891 731 ; 20 545 094 ; 3 544 204 ; 20 810 535 ; 69 701 884 ; 14 048 475 ; 32 922 762 ; 34 780 061 ; 10 976 780 ; 16 459 880 ; 62 216 721 ; 131 918 605 ; 0.151 ; 0.037 ; 0.156 ; 0.027 ; 0.158 ; 0.528 ; 0.106 ; 0.250 ; 0.264 ; 0.083 ; 0.125 ; 0.472 ; 1.000 ;1;1;0;0
2016;Raiders; 4 623 009 ; 2 818 849 ; 19 361 975 ; 5 870 639 ; 36 972 041 ; 69 646 513 ; 10 767 380 ; 19 443 717 ; 7 072 959 ; 12 697 085 ; 20 847 900 ; 40 617 944 ; 110 264 457 ; 0.042 ; 0.026 ; 0.176 ; 0.053 ; 0.335 ; 0.632 ; 0.098 ; 0.176 ; 0.064 ; 0.115 ; 0.189 ; 0.368 ; 1.000 ;1;0;0;0
2016;Lions; 23 338 824 ; 3 971 695 ; 17 699 492 ; 6 514 242 ; 17 174 595 ; 68 698 848 ; 8 782 820 ; 8 535 944 ; 13 539 421 ; 11 189 104 ; 8 071 148 ; 32 799 673 ; 101 498 521 ; 0.230 ; 0.039 ; 0.174 ; 0.064 ; 0.169 ; 0.677 ; 0.087 ; 0.084 ; 0.133 ; 0.110 ; 0.080 ; 0.323 ; 1.000 ;1;0;0;0
2016;Giants; 25 595 300 ; 9 665 597 ; 15 930 551 ; 3 014 714 ; 13 382 316 ; 67 588 478 ; 9 138 463 ; 24 753 166 ; 25 848 270 ; 3 598 913 ; 21 773 449 ; 51 220 632 ; 118 809 110 ; 0.215 ; 0.081 ; 0.134 ; 0.025 ; 0.113 ; 0.569 ; 0.077 ; 0.208 ; 0.218 ; 0.030 ; 0.183 ; 0.431 ; 1.000 ;1;0;0;0
2016;Jaguars; 10 864 196 ; 5 551 588 ; 14 724 668 ; 11 943 324 ; 23 735 090 ; 66 818 866 ; 33 501 913 ; 7 011 441 ; 11 297 021 ; 7 647 569 ; 16 930 497 ; 35 875 087 ; 102 693 953 ; 0.106 ; 0.054 ; 0.143 ; 0.116 ; 0.231 ; 0.651 ; 0.326 ; 0.068 ; 0.110 ; 0.074 ; 0.165 ; 0.349 ; 1.000 ;0;0;0;0
2016;Ravens; 24 056 900 ; 2 492 212 ; 13 619 295 ; 8 561 035 ; 18 007 403 ; 66 736 845 ; 7 240 013 ; 17 109 523 ; 21 911 672 ; 18 916 487 ; 13 055 152 ; 53 883 311 ; 120 620 156 ; 0.199 ; 0.021 ; 0.113 ; 0.071 ; 0.149 ; 0.553 ; 0.060 ; 0.142 ; 0.182 ; 0.157 ; 0.108 ; 0.447 ; 1.000 ;0;0;0;0
2016;Jets; 10 107 898 ; 5 337 110 ; 20 760 335 ; 2 530 923 ; 27 844 419 ; 66 580 685 ; 21 908 891 ; 2 652 225 ; 13 511 294 ; 7 858 962 ; 24 531 901 ; 45 902 157 ; 112 482 842 ; 0.090 ; 0.047 ; 0.185 ; 0.023 ; 0.248 ; 0.592 ; 0.195 ; 0.024 ; 0.120 ; 0.070 ; 0.218 ; 0.408 ; 1.000 ;0;0;0;0
2016;Eagles; 9 960 643 ; 10 317 028 ; 4 931 355 ; 6 394 996 ; 33 687 976 ; 65 291 998 ; 9 762 192 ; 19 854 836 ; 12 105 117 ; 11 531 668 ; 7 119 979 ; 30 756 764 ; 96 048 762 ; 0.104 ; 0.107 ; 0.051 ; 0.067 ; 0.351 ; 0.680 ; 0.102 ; 0.207 ; 0.126 ; 0.120 ; 0.074 ; 0.320 ; 1.000 ;0;0;0;0
2016;Chiefs; 20 232 200 ; 8 036 819 ; 16 078 663 ; 4 923 789 ; 14 976 072 ; 64 247 543 ; 17 326 136 ; 21 124 929 ; 28 506 033 ; 15 661 151 ; 5 252 667 ; 49 419 851 ; 113 667 394 ; 0.178 ; 0.071 ; 0.141 ; 0.043 ; 0.132 ; 0.565 ; 0.152 ; 0.186 ; 0.251 ; 0.138 ; 0.046 ; 0.435 ; 1.000 ;1;1;0;0
2016;Titans; 7 534 058 ; 7 603 960 ; 14 852 328 ; 10 992 080 ; 21 398 613 ; 62 381 039 ; 15 355 883 ; 17 193 846 ; 24 561 209 ; 10 382 798 ; 13 084 964 ; 48 028 971 ; 110 410 010 ; 0.068 ; 0.069 ; 0.135 ; 0.100 ; 0.194 ; 0.565 ; 0.139 ; 0.156 ; 0.222 ; 0.094 ; 0.119 ; 0.435 ; 1.000 ;0;0;0;0
2016;Texans; 14 412 646 ; 7 911 734 ; 6 448 981 ; 2 062 362 ; 31 103 538 ; 61 939 261 ; 22 938 450 ; 14 197 538 ; 28 597 639 ; 5 327 548 ; 19 939 515 ; 53 864 702 ; 115 803 963 ; 0.124 ; 0.068 ; 0.056 ; 0.018 ; 0.269 ; 0.535 ; 0.198 ; 0.123 ; 0.247 ; 0.046 ; 0.172 ; 0.465 ; 1.000 ;1;1;0;0
2016;Dolphins; 13 281 182 ; 1 974 686 ; 6 367 688 ; 11 317 299 ; 28 834 646 ; 61 775 501 ; 17 479 805 ; 24 908 290 ; 8 873 417 ; 11 884 805 ; 12 949 485 ; 33 707 707 ; 95 483 208 ; 0.139 ; 0.021 ; 0.067 ; 0.119 ; 0.302 ; 0.647 ; 0.183 ; 0.261 ; 0.093 ; 0.124 ; 0.136 ; 0.353 ; 1.000 ;1;0;0;0
2016;49ers; 23 694 507 ; 3 028 926 ; 11 876 072 ; 5 615 042 ; 16 923 639 ; 61 138 186 ; 9 996 826 ; 13 678 890 ; 27 657 777 ; 10 807 904 ; 9 075 198 ; 47 540 879 ; 108 679 065 ; 0.218 ; 0.028 ; 0.109 ; 0.052 ; 0.156 ; 0.563 ; 0.092 ; 0.126 ; 0.254 ; 0.099 ; 0.084 ; 0.437 ; 1.000 ;0;0;0;0
2016;Bills; 10 286 322 ; 10 305 929 ; 12 971 463 ; 7 994 746 ; 19 315 114 ; 60 873 574 ; 22 682 421 ; 11 436 205 ; 8 187 722 ; 14 367 753 ; 15 208 647 ; 37 764 122 ; 98 637 696 ; 0.104 ; 0.104 ; 0.132 ; 0.081 ; 0.196 ; 0.617 ; 0.230 ; 0.116 ; 0.083 ; 0.146 ; 0.154 ; 0.383 ; 1.000 ;0;0;0;0
2016;Rams; 9 453 311 ; 6 684 248 ; 16 984 504 ; 7 779 092 ; 18 948 473 ; 59 849 628 ; 12 337 912 ; 22 337 341 ; 9 904 864 ; 6 193 434 ; 14 857 989 ; 30 956 287 ; 90 805 915 ; 0.104 ; 0.074 ; 0.187 ; 0.086 ; 0.209 ; 0.659 ; 0.136 ; 0.246 ; 0.109 ; 0.068 ; 0.164 ; 0.341 ; 1.000 ;0;0;0;0
2016;Seahawks; 18 997 000 ; 2 236 171 ; 13 750 952 ; 12 684 653 ; 6 307 577 ; 53 976 353 ; 5 661 793 ; 17 312 549 ; 15 426 110 ; 17 920 176 ; 20 642 727 ; 53 989 013 ; 107 965 366 ; 0.176 ; 0.021 ; 0.127 ; 0.117 ; 0.058 ; 0.500 ; 0.052 ; 0.160 ; 0.143 ; 0.166 ; 0.191 ; 0.500 ; 1.000 ;1;1;0;0
2016;Saints; 18 617 300 ; 4 961 190 ; 5 224 319 ; 5 726 719 ; 19 176 356 ; 53 705 884 ; 5 140 464 ; 9 660 901 ; 9 977 450 ; 16 579 686 ; 4 828 050 ; 31 385 186 ; 85 091 070 ; 0.219 ; 0.058 ; 0.061 ; 0.067 ; 0.225 ; 0.631 ; 0.060 ; 0.114 ; 0.117 ; 0.195 ; 0.057 ; 0.369 ; 1.000 ;0;0;0;0
2016;Broncos; 2 261 161 ; 7 652 724 ; 24 631 438 ; 4 002 548 ; 14 289 846 ; 52 837 717 ; 14 874 328 ; 22 787 306 ; 21 118 620 ; 11 486 444 ; 22 329 018 ; 54 934 082 ; 107 771 799 ; 0.021 ; 0.071 ; 0.229 ; 0.037 ; 0.133 ; 0.490 ; 0.138 ; 0.211 ; 0.196 ; 0.107 ; 0.207 ; 0.510 ; 1.000 ;0;0;0;0
2016;Browns; 11 022 385 ; 2 873 269 ; 8 060 225 ; 3 663 632 ; 20 849 784 ; 46 469 295 ; 11 120 534 ; 1 500 998 ; 7 112 029 ; 2 503 713 ; 23 427 666 ; 33 043 408 ; 79 512 703 ; 0.139 ; 0.036 ; 0.101 ; 0.046 ; 0.262 ; 0.584 ; 0.140 ; 0.019 ; 0.089 ; 0.031 ; 0.295 ; 0.416 ; 1.000 ;0;0;0;0
2017;Steelers; 21 004 781 ; 13 113 454 ; 17 778 997 ; 3 945 253 ; 39 055 012 ; 94 897 497 ; 15 833 947 ; 8 183 830 ; 15 090 413 ; 12 475 138 ; 11 466 541 ; 39 032 092 ; 133 929 589 ; 0.157 ; 0.098 ; 0.133 ; 0.029 ; 0.292 ; 0.709 ; 0.118 ; 0.061 ; 0.113 ; 0.093 ; 0.086 ; 0.291 ; 1.000 ;1;1;0;0
2017;Raiders; 17 066 663 ; 3 913 937 ; 21 228 435 ; 8 513 978 ; 43 133 182 ; 93 856 195 ; 4 803 368 ; 16 020 328 ; 3 913 692 ; 11 365 174 ; 22 873 492 ; 38 152 358 ; 132 008 553 ; 0.129 ; 0.030 ; 0.161 ; 0.064 ; 0.327 ; 0.711 ; 0.036 ; 0.121 ; 0.030 ; 0.086 ; 0.173 ; 0.289 ; 1.000 ;0;0;0;0
2017;Falcons; 27 422 800 ; 5 928 217 ; 28 103 286 ; 4 019 531 ; 25 953 036 ; 91 426 870 ; 11 309 437 ; 18 256 298 ; 8 613 729 ; 6 556 132 ; 15 535 401 ; 30 705 262 ; 122 132 132 ; 0.225 ; 0.049 ; 0.230 ; 0.033 ; 0.212 ; 0.749 ; 0.093 ; 0.149 ; 0.071 ; 0.054 ; 0.127 ; 0.251 ; 1.000 ;1;0;0;0
2017;Redskins; 27 543 600 ; 4 474 359 ; 10 894 949 ; 11 840 649 ; 34 757 110 ; 89 510 667 ; 12 451 986 ; 17 002 208 ; 25 200 700 ; 6 606 862 ; 24 425 407 ; 56 232 969 ; 145 743 636 ; 0.189 ; 0.031 ; 0.075 ; 0.081 ; 0.238 ; 0.614 ; 0.085 ; 0.117 ; 0.173 ; 0.045 ; 0.168 ; 0.386 ; 1.000 ;0;0;0;0
2017;Cardinals; 29 489 118 ; 3 666 976 ; 20 439 056 ; 6 097 469 ; 28 917 997 ; 88 610 616 ; 11 978 095 ; 14 486 303 ; 19 589 711 ; 15 728 455 ; 21 047 533 ; 56 365 699 ; 144 976 315 ; 0.203 ; 0.025 ; 0.141 ; 0.042 ; 0.199 ; 0.611 ; 0.083 ; 0.100 ; 0.135 ; 0.108 ; 0.145 ; 0.389 ; 1.000 ;0;0;0;0
2017;Packers; 21 034 437 ; 2 394 382 ; 31 564 129 ; 3 754 657 ; 28 553 585 ; 87 301 190 ; 14 712 089 ; 26 170 012 ; 28 733 407 ; 11 727 962 ; 9 272 758 ; 49 734 127 ; 137 035 317 ; 0.153 ; 0.017 ; 0.230 ; 0.027 ; 0.208 ; 0.637 ; 0.107 ; 0.191 ; 0.210 ; 0.086 ; 0.068 ; 0.363 ; 1.000 ;0;0;0;0
2017;Eagles; 7 948 686 ; 7 712 155 ; 20 433 394 ; 10 106 000 ; 34 671 590 ; 80 871 825 ; 14 920 141 ; 21 800 072 ; 14 705 805 ; 14 776 850 ; 4 361 412 ; 33 844 067 ; 114 715 892 ; 0.069 ; 0.067 ; 0.178 ; 0.088 ; 0.302 ; 0.705 ; 0.130 ; 0.190 ; 0.128 ; 0.129 ; 0.038 ; 0.295 ; 1.000 ;1;1;1;1
2017;Bears; 21 278 625 ; 2 385 295 ; 14 645 439 ; 10 633 090 ; 31 878 770 ; 80 821 219 ; 14 795 376 ; 16 993 112 ; 28 970 324 ; 7 234 912 ; 17 788 027 ; 53 993 263 ; 134 814 482 ; 0.158 ; 0.018 ; 0.109 ; 0.079 ; 0.236 ; 0.599 ; 0.110 ; 0.126 ; 0.215 ; 0.054 ; 0.132 ; 0.401 ; 1.000 ;0;0;0;0
2017;Panthers; 22 710 632 ; 11 316 345 ; 7 593 965 ; 15 861 068 ; 22 836 833 ; 80 318 843 ; 19 975 799 ; 14 930 437 ; 31 592 016 ; 7 693 071 ; 6 607 630 ; 45 892 717 ; 126 211 560 ; 0.180 ; 0.090 ; 0.060 ; 0.126 ; 0.181 ; 0.636 ; 0.158 ; 0.118 ; 0.250 ; 0.061 ; 0.052 ; 0.364 ; 1.000 ;1;0;0;0
2017;Saints; 20 365 000 ; 6 649 958 ; 7 172 234 ; 13 281 931 ; 32 749 192 ; 80 218 315 ; 7 351 727 ; 15 826 140 ; 11 368 168 ; 9 465 615 ; 5 035 764 ; 25 869 547 ; 106 087 862 ; 0.192 ; 0.063 ; 0.068 ; 0.125 ; 0.309 ; 0.756 ; 0.069 ; 0.149 ; 0.107 ; 0.089 ; 0.047 ; 0.244 ; 1.000 ;1;1;0;0
2017;Patriots; 14 476 471 ; 11 010 522 ; 18 838 336 ; 12 917 262 ; 22 196 744 ; 79 439 335 ; 10 484 357 ; 5 229 052 ; 15 560 517 ; 23 735 041 ; 16 603 309 ; 55 898 867 ; 135 338 202 ; 0.107 ; 0.081 ; 0.139 ; 0.095 ; 0.164 ; 0.587 ; 0.077 ; 0.039 ; 0.115 ; 0.175 ; 0.123 ; 0.413 ; 1.000 ;1;1;1;0
2017;Dolphins; 33 058 282 ; 3 310 080 ; 9 776 316 ; 9 519 411 ; 22 688 764 ; 78 352 853 ; 21 338 272 ; 20 091 185 ; 13 855 437 ; 11 301 524 ; 5 758 889 ; 30 915 850 ; 109 268 703 ; 0.303 ; 0.030 ; 0.089 ; 0.087 ; 0.208 ; 0.717 ; 0.195 ; 0.184 ; 0.127 ; 0.103 ; 0.053 ; 0.283 ; 1.000 ;0;0;0;0
2017;Ravens; 26 742 000 ; 5 270 289 ; 16 212 624 ; 5 393 387 ; 23 346 656 ; 76 964 956 ; 8 609 329 ; 11 289 373 ; 16 621 928 ; 12 619 611 ; 15 031 988 ; 44 273 527 ; 121 238 483 ; 0.221 ; 0.043 ; 0.134 ; 0.044 ; 0.193 ; 0.635 ; 0.071 ; 0.093 ; 0.137 ; 0.104 ; 0.124 ; 0.365 ; 1.000 ;0;0;0;0
2017;Cowboys; 1 782 314 ; 7 879 602 ; 26 062 634 ; 16 565 097 ; 23 737 956 ; 76 027 603 ; 4 846 639 ; 17 309 055 ; 13 571 954 ; 3 098 994 ; 10 844 663 ; 27 515 611 ; 103 543 214 ; 0.017 ; 0.076 ; 0.252 ; 0.160 ; 0.229 ; 0.734 ; 0.047 ; 0.167 ; 0.131 ; 0.030 ; 0.105 ; 0.266 ; 1.000 ;0;0;0;0
2017;Bengals; 16 798 413 ; 7 569 296 ; 24 430 688 ; 9 413 806 ; 17 262 341 ; 75 474 544 ; 12 361 126 ; 14 384 255 ; 17 613 896 ; 10 969 118 ; 22 900 422 ; 51 483 436 ; 126 957 980 ; 0.132 ; 0.060 ; 0.192 ; 0.074 ; 0.136 ; 0.594 ; 0.097 ; 0.113 ; 0.139 ; 0.086 ; 0.180 ; 0.406 ; 1.000 ;0;0;0;0
2017;Chargers; 19 155 000 ; 5 059 879 ; 20 577 484 ; 8 986 982 ; 21 498 674 ; 75 278 019 ; 17 068 671 ; 23 167 189 ; 7 831 143 ; 6 553 828 ; 9 329 846 ; 23 714 817 ; 98 992 836 ; 0.193 ; 0.051 ; 0.208 ; 0.091 ; 0.217 ; 0.760 ; 0.172 ; 0.234 ; 0.079 ; 0.066 ; 0.094 ; 0.240 ; 1.000 ;0;0;0;0
2017;Bills; 10 238 211 ; 11 190 118 ; 6 496 909 ; 11 467 859 ; 35 796 366 ; 75 189 463 ; 10 325 927 ; 13 718 331 ; 7 077 973 ; 7 686 153 ; 5 801 497 ; 20 565 623 ; 95 755 086 ; 0.107 ; 0.117 ; 0.068 ; 0.120 ; 0.374 ; 0.785 ; 0.108 ; 0.143 ; 0.074 ; 0.080 ; 0.061 ; 0.215 ; 1.000 ;1;0;0;0
2017;Colts; 22 129 791 ; 6 704 574 ; 15 603 598 ; 10 039 875 ; 20 295 961 ; 74 773 799 ; 14 868 181 ; 21 252 770 ; 5 100 805 ; 7 567 614 ; 4 398 800 ; 17 067 219 ; 91 841 018 ; 0.241 ; 0.073 ; 0.170 ; 0.109 ; 0.221 ; 0.814 ; 0.162 ; 0.231 ; 0.056 ; 0.082 ; 0.048 ; 0.186 ; 1.000 ;0;0;0;0
2017;Lions; 17 047 200 ; 5 553 764 ; 18 671 297 ; 5 529 031 ; 23 027 789 ; 69 829 081 ; 15 087 353 ; 14 892 449 ; 12 040 537 ; 11 021 745 ; 17 917 711 ; 40 979 993 ; 110 809 074 ; 0.154 ; 0.050 ; 0.168 ; 0.050 ; 0.208 ; 0.630 ; 0.136 ; 0.134 ; 0.109 ; 0.099 ; 0.162 ; 0.370 ; 1.000 ;0;0;0;0
2017;Giants; 21 444 105 ; 6 846 041 ; 14 572 454 ; 4 806 305 ; 21 971 246 ; 69 640 151 ; 13 231 093 ; 26 432 590 ; 28 902 142 ; 3 870 386 ; 27 976 841 ; 60 749 369 ; 130 389 520 ; 0.164 ; 0.053 ; 0.112 ; 0.037 ; 0.169 ; 0.534 ; 0.101 ; 0.203 ; 0.222 ; 0.030 ; 0.215 ; 0.466 ; 1.000 ;0;0;0;0
2017;Jaguars; 10 071 983 ; 13 724 506 ; 13 512 773 ; 7 480 525 ; 24 024 663 ; 68 814 450 ; 26 397 369 ; 18 751 178 ; 13 216 415 ; 15 958 866 ; 13 849 553 ; 43 024 834 ; 111 839 284 ; 0.090 ; 0.123 ; 0.121 ; 0.067 ; 0.215 ; 0.615 ; 0.236 ; 0.168 ; 0.118 ; 0.143 ; 0.124 ; 0.385 ; 1.000 ;1;1;0;0
2017;Texans; 3 855 907 ; 9 441 681 ; 22 653 336 ; 10 632 622 ; 20 476 207 ; 67 059 753 ; 17 826 431 ; 14 975 844 ; 24 809 067 ; 10 598 898 ; 21 425 963 ; 56 833 928 ; 123 893 681 ; 0.031 ; 0.076 ; 0.183 ; 0.086 ; 0.165 ; 0.541 ; 0.144 ; 0.121 ; 0.200 ; 0.086 ; 0.173 ; 0.459 ; 1.000 ;0;0;0;0
2017;Vikings; 22 523 284 ; 6 109 029 ; 10 830 686 ; 7 988 864 ; 19 431 712 ; 66 883 575 ; 13 847 877 ; 15 647 606 ; 10 635 653 ; 11 466 277 ; 21 360 634 ; 43 462 564 ; 110 346 139 ; 0.204 ; 0.055 ; 0.098 ; 0.072 ; 0.176 ; 0.606 ; 0.125 ; 0.142 ; 0.096 ; 0.104 ; 0.194 ; 0.394 ; 1.000 ;1;1;0;0
2017;Buccaneers; 11 738 985 ; 8 969 129 ; 18 804 531 ; 3 178 912 ; 23 495 847 ; 66 187 404 ; 30 220 786 ; 9 762 983 ; 8 819 460 ; 8 500 031 ; 17 764 740 ; 35 084 231 ; 101 271 635 ; 0.116 ; 0.089 ; 0.186 ; 0.031 ; 0.232 ; 0.654 ; 0.298 ; 0.096 ; 0.087 ; 0.084 ; 0.175 ; 0.346 ; 1.000 ;0;0;0;0
2017;Chiefs; 21 205 288 ; 4 243 728 ; 5 474 701 ; 7 192 941 ; 25 611 612 ; 63 728 270 ; 16 972 578 ; 35 949 428 ; 42 525 432 ; 14 053 421 ; 6 828 257 ; 63 407 110 ; 127 135 380 ; 0.167 ; 0.033 ; 0.043 ; 0.057 ; 0.201 ; 0.501 ; 0.134 ; 0.283 ; 0.334 ; 0.111 ; 0.054 ; 0.499 ; 1.000 ;1;1;0;0
2017;Broncos; 3 920 973 ; 6 090 264 ; 25 054 318 ; 4 832 368 ; 23 704 519 ; 63 602 442 ; 18 109 284 ; 23 398 406 ; 32 786 995 ; 8 775 903 ; 24 273 641 ; 65 836 539 ; 129 438 981 ; 0.030 ; 0.047 ; 0.194 ; 0.037 ; 0.183 ; 0.491 ; 0.140 ; 0.181 ; 0.253 ; 0.068 ; 0.188 ; 0.509 ; 1.000 ;0;0;0;0
2017;Rams; 7 755 133 ; 6 953 354 ; 25 219 237 ; 3 237 501 ; 20 356 685 ; 63 521 910 ; 19 055 848 ; 15 841 769 ; 33 738 804 ; 5 194 177 ; 22 147 687 ; 61 080 668 ; 124 602 578 ; 0.062 ; 0.056 ; 0.202 ; 0.026 ; 0.163 ; 0.510 ; 0.153 ; 0.127 ; 0.271 ; 0.042 ; 0.178 ; 0.490 ; 1.000 ;1;1;0;0
2017;Seahawks; 15 443 870 ; 5 565 665 ; 8 724 467 ; 12 553 573 ; 21 118 436 ; 63 406 011 ; 9 895 825 ; 19 887 433 ; 18 261 753 ; 20 890 487 ; 23 142 234 ; 62 294 474 ; 125 700 485 ; 0.123 ; 0.044 ; 0.069 ; 0.100 ; 0.168 ; 0.504 ; 0.079 ; 0.158 ; 0.145 ; 0.166 ; 0.184 ; 0.496 ; 1.000 ;0;0;0;0
2017;Titans; 10 351 646 ; 8 746 428 ; 19 514 493 ; 7 486 458 ; 17 127 063 ; 63 226 088 ; 20 991 161 ; 23 008 834 ; 32 215 404 ; 13 657 831 ; 15 276 846 ; 61 150 081 ; 124 376 169 ; 0.083 ; 0.070 ; 0.157 ; 0.060 ; 0.138 ; 0.508 ; 0.169 ; 0.185 ; 0.259 ; 0.110 ; 0.123 ; 0.492 ; 1.000 ;1;0;0;0
2017;Jets; 8 334 184 ; 10 310 192 ; 8 058 956 ; 2 443 262 ; 29 743 163 ; 58 889 757 ; 30 004 586 ; 5 244 382 ; 11 207 483 ; 6 921 694 ; 16 360 022 ; 34 489 199 ; 93 378 956 ; 0.089 ; 0.110 ; 0.086 ; 0.026 ; 0.319 ; 0.631 ; 0.321 ; 0.056 ; 0.120 ; 0.074 ; 0.175 ; 0.369 ; 1.000 ;0;0;0;0
2017;Browns; 2 209 957 ; 4 470 494 ; 5 198 547 ; 3 254 760 ; 41 615 803 ; 56 749 561 ; 5 528 898 ; 9 198 852 ; 21 613 135 ; 3 882 857 ; 7 163 759 ; 32 659 751 ; 89 409 312 ; 0.025 ; 0.050 ; 0.058 ; 0.036 ; 0.465 ; 0.635 ; 0.062 ; 0.103 ; 0.242 ; 0.043 ; 0.080 ; 0.365 ; 1.000 ;0;0;0;0
2017;49ers; 1 280 189 ; 2 825 514 ; 13 826 473 ; 3 831 656 ; 25 655 347 ; 47 419 179 ; 8 811 687 ; 17 957 489 ; 8 945 957 ; 9 535 769 ; 6 441 770 ; 24 923 496 ; 72 342 675 ; 0.018 ; 0.039 ; 0.191 ; 0.053 ; 0.355 ; 0.655 ; 0.122 ; 0.248 ; 0.124 ; 0.132 ; 0.089 ; 0.345 ; 1.000 ;0;0;0;0
2018;49ers; 38 197 259 ; 8 311 842 ; 18 448 916 ; 3 643 398 ; 33 769 652 ; 102 371 067 ; 10 033 146 ; 16 528 345 ; 8 852 841 ; 6 310 620 ; 18 947 503 ; 34 110 964 ; 136 482 031 ; 0.280 ; 0.061 ; 0.135 ; 0.027 ; 0.247 ; 0.750 ; 0.074 ; 0.121 ; 0.065 ; 0.046 ; 0.139 ; 0.250 ; 1.000 ;0;0;0;0
2018;Raiders; 25 915 200 ; 7 694 424 ; 18 652 510 ; 11 533 431 ; 36 376 204 ; 100 171 769 ; 11 861 506 ; 2 352 299 ; 10 206 380 ; 11 068 824 ; 11 492 532 ; 32 767 736 ; 132 939 505 ; 0.195 ; 0.058 ; 0.140 ; 0.087 ; 0.274 ; 0.754 ; 0.089 ; 0.018 ; 0.077 ; 0.083 ; 0.086 ; 0.246 ; 1.000 ;0;0;0;0
2018;Falcons; 22 329 200 ; 7 325 063 ; 24 432 270 ; 2 433 131 ; 40 262 172 ; 96 781 836 ; 6 021 602 ; 11 943 939 ; 8 581 239 ; 9 445 802 ; 26 512 595 ; 44 539 636 ; 141 321 472 ; 0.158 ; 0.052 ; 0.173 ; 0.017 ; 0.285 ; 0.685 ; 0.043 ; 0.085 ; 0.061 ; 0.067 ; 0.188 ; 0.315 ; 1.000 ;0;0;0;0
2018;Packers; 22 071 928 ; 1 581 868 ; 26 709 607 ; 10 835 666 ; 33 058 976 ; 94 258 045 ; 19 391 088 ; 23 630 394 ; 28 120 459 ; 2 949 361 ; 10 277 116 ; 41 346 936 ; 135 604 981 ; 0.163 ; 0.012 ; 0.197 ; 0.080 ; 0.244 ; 0.695 ; 0.143 ; 0.174 ; 0.207 ; 0.022 ; 0.076 ; 0.305 ; 1.000 ;0;0;0;0
2018;Redskins; 22 370 588 ; 6 464 791 ; 11 550 945 ; 16 639 653 ; 35 598 047 ; 92 624 024 ; 11 918 322 ; 17 481 245 ; 24 282 734 ; 5 638 443 ; 21 140 054 ; 51 061 231 ; 143 685 255 ; 0.156 ; 0.045 ; 0.080 ; 0.116 ; 0.248 ; 0.645 ; 0.083 ; 0.122 ; 0.169 ; 0.039 ; 0.147 ; 0.355 ; 1.000 ;0;0;0;0
2018;Browns; 24 442 360 ; 5 651 728 ; 19 436 865 ; 7 333 699 ; 34 889 282 ; 91 753 934 ; 2 692 766 ; 13 837 156 ; 21 320 019 ; 5 640 141 ; 18 933 305 ; 45 893 465 ; 137 647 399 ; 0.178 ; 0.041 ; 0.141 ; 0.053 ; 0.253 ; 0.667 ; 0.020 ; 0.101 ; 0.155 ; 0.041 ; 0.138 ; 0.333 ; 1.000 ;0;0;0;0
2018;Saints; 26 852 600 ; 7 093 841 ; 12 859 196 ; 7 775 068 ; 35 725 330 ; 90 306 035 ; 7 215 630 ; 20 379 299 ; 14 765 854 ; 7 798 629 ; 8 475 586 ; 31 040 069 ; 121 346 104 ; 0.221 ; 0.058 ; 0.106 ; 0.064 ; 0.294 ; 0.744 ; 0.059 ; 0.168 ; 0.122 ; 0.064 ; 0.070 ; 0.256 ; 1.000 ;1;1;0;0
2018;Chargers; 23 129 200 ; 4 755 413 ; 25 433 190 ; 7 068 484 ; 27 984 393 ; 88 370 680 ; 14 590 006 ; 21 697 374 ; 7 394 631 ; 10 693 090 ; 17 921 985 ; 36 009 706 ; 124 380 386 ; 0.186 ; 0.038 ; 0.204 ; 0.057 ; 0.225 ; 0.710 ; 0.117 ; 0.174 ; 0.059 ; 0.086 ; 0.144 ; 0.290 ; 1.000 ;1;0;0;0
2018;Colts; 25 722 676 ; 2 083 712 ; 20 549 797 ; 13 375 573 ; 25 505 806 ; 87 237 564 ; 12 200 125 ; 11 724 742 ; 3 849 218 ; 6 461 829 ; 5 307 934 ; 15 618 981 ; 102 856 545 ; 0.250 ; 0.020 ; 0.200 ; 0.130 ; 0.248 ; 0.848 ; 0.119 ; 0.114 ; 0.037 ; 0.063 ; 0.052 ; 0.152 ; 1.000 ;1;0;0;0
2018;Vikings; 26 462 000 ; 8 510 220 ; 15 333 845 ; 9 592 122 ; 26 668 316 ; 86 566 503 ; 18 526 098 ; 18 610 741 ; 18 490 720 ; 15 731 056 ; 22 554 099 ; 56 775 875 ; 143 342 378 ; 0.185 ; 0.059 ; 0.107 ; 0.067 ; 0.186 ; 0.604 ; 0.129 ; 0.130 ; 0.129 ; 0.110 ; 0.157 ; 0.396 ; 1.000 ;0;0;0;0
2018;Buccaneers; 12 616 903 ; 3 981 361 ; 34 124 743 ; 10 224 401 ; 25 173 502 ; 86 120 910 ; 30 935 514 ; 21 624 467 ; 15 586 639 ; 6 026 118 ; 15 212 917 ; 36 825 674 ; 122 946 584 ; 0.103 ; 0.032 ; 0.278 ; 0.083 ; 0.205 ; 0.700 ; 0.252 ; 0.176 ; 0.127 ; 0.049 ; 0.124 ; 0.300 ; 1.000 ;0;0;0;0
2018;Eagles; 21 505 365 ; 5 143 228 ; 16 761 079 ; 7 215 415 ; 35 461 396 ; 86 086 483 ; 19 610 353 ; 20 521 371 ; 7 463 300 ; 16 905 015 ; 5 420 767 ; 29 789 082 ; 115 875 565 ; 0.186 ; 0.044 ; 0.145 ; 0.062 ; 0.306 ; 0.743 ; 0.169 ; 0.177 ; 0.064 ; 0.146 ; 0.047 ; 0.257 ; 1.000 ;1;0;0;0
2018;Patriots; 23 044 200 ; 7 894 058 ; 15 575 488 ; 16 740 476 ; 20 349 864 ; 83 604 086 ; 8 841 997 ; 12 784 037 ; 15 991 535 ; 22 783 881 ; 15 013 651 ; 53 789 067 ; 137 393 153 ; 0.168 ; 0.057 ; 0.113 ; 0.122 ; 0.148 ; 0.609 ; 0.064 ; 0.093 ; 0.116 ; 0.166 ; 0.109 ; 0.391 ; 1.000 ;1;1;1;1
2018;Panthers; 22 245 471 ; 6 826 065 ; 12 594 544 ; 9 312 292 ; 32 444 025 ; 83 422 397 ; 25 938 492 ; 15 594 755 ; 26 369 299 ; 8 525 314 ; 10 046 763 ; 44 941 376 ; 128 363 773 ; 0.173 ; 0.053 ; 0.098 ; 0.073 ; 0.253 ; 0.650 ; 0.202 ; 0.121 ; 0.205 ; 0.066 ; 0.078 ; 0.350 ; 1.000 ;0;0;0;0
2018;Bears; 10 598 281 ; 2 865 819 ; 26 134 139 ; 16 862 132 ; 25 838 059 ; 82 298 430 ; 16 269 909 ; 26 108 093 ; 38 170 202 ; 4 184 476 ; 18 514 959 ; 60 869 637 ; 143 168 067 ; 0.074 ; 0.020 ; 0.183 ; 0.118 ; 0.180 ; 0.575 ; 0.114 ; 0.182 ; 0.267 ; 0.029 ; 0.129 ; 0.425 ; 1.000 ;1;1;0;0
2018;Bengals; 17 198 153 ; 6 168 245 ; 22 333 466 ; 9 109 741 ; 26 761 854 ; 81 571 459 ; 17 980 043 ; 21 586 114 ; 18 408 108 ; 6 721 891 ; 22 735 864 ; 47 865 863 ; 129 437 322 ; 0.133 ; 0.048 ; 0.173 ; 0.070 ; 0.207 ; 0.630 ; 0.139 ; 0.167 ; 0.142 ; 0.052 ; 0.176 ; 0.370 ; 1.000 ;0;0;0;0
2018;Steelers; 24 607 847 ; 1 545 560 ; 13 094 252 ; 5 891 394 ; 35 090 781 ; 80 229 834 ; 18 570 996 ; 7 627 086 ; 22 789 249 ; 7 577 505 ; 18 261 233 ; 48 627 987 ; 128 857 821 ; 0.191 ; 0.012 ; 0.102 ; 0.046 ; 0.272 ; 0.623 ; 0.144 ; 0.059 ; 0.177 ; 0.059 ; 0.142 ; 0.377 ; 1.000 ;0;0;0;0
2018;Jets; 15 760 757 ; 8 070 717 ; 13 044 099 ; 3 861 826 ; 36 847 212 ; 77 584 611 ; 16 336 478 ; 5 967 157 ; 17 885 505 ; 10 941 303 ; 27 956 260 ; 56 783 068 ; 134 367 679 ; 0.117 ; 0.060 ; 0.097 ; 0.029 ; 0.274 ; 0.577 ; 0.122 ; 0.044 ; 0.133 ; 0.081 ; 0.208 ; 0.423 ; 1.000 ;0;0;0;0
2018;Lions; 27 560 000 ; 7 708 425 ; 10 261 176 ; 4 771 517 ; 26 454 707 ; 76 755 825 ; 6 088 251 ; 19 866 349 ; 13 152 062 ; 13 868 343 ; 12 942 767 ; 39 963 172 ; 116 718 997 ; 0.236 ; 0.066 ; 0.088 ; 0.041 ; 0.227 ; 0.658 ; 0.052 ; 0.170 ; 0.113 ; 0.119 ; 0.111 ; 0.342 ; 1.000 ;0;0;0;0
2018;Seahawks; 24 620 964 ; 4 655 724 ; 20 229 810 ; 3 273 982 ; 23 349 614 ; 76 130 094 ; 5 451 644 ; 5 314 490 ; 26 759 580 ; 26 285 750 ; 7 339 007 ; 60 384 337 ; 136 514 431 ; 0.180 ; 0.034 ; 0.148 ; 0.024 ; 0.171 ; 0.558 ; 0.040 ; 0.039 ; 0.196 ; 0.193 ; 0.054 ; 0.442 ; 1.000 ;1;0;0;0
2018;Dolphins; 10 507 195 ; 4 122 610 ; 25 766 603 ; 4 425 226 ; 30 559 407 ; 75 381 041 ; 5 156 706 ; 38 276 611 ; 16 750 891 ; 13 320 269 ; 3 678 898 ; 33 750 058 ; 109 131 099 ; 0.096 ; 0.038 ; 0.236 ; 0.041 ; 0.280 ; 0.691 ; 0.047 ; 0.351 ; 0.153 ; 0.122 ; 0.034 ; 0.309 ; 1.000 ;0;0;0;0
2018;Jaguars; 10 786 333 ; 12 425 774 ; 17 287 457 ; 4 822 038 ; 28 024 882 ; 73 346 484 ; 31 941 021 ; 19 415 141 ; 11 985 485 ; 11 238 779 ; 27 090 280 ; 50 314 544 ; 123 661 028 ; 0.087 ; 0.100 ; 0.140 ; 0.039 ; 0.227 ; 0.593 ; 0.258 ; 0.157 ; 0.097 ; 0.091 ; 0.219 ; 0.407 ; 1.000 ;0;0;0;0
2018;Cowboys; 1 816 903 ; 7 705 768 ; 17 811 897 ; 2 372 304 ; 43 159 686 ; 72 866 558 ; 5 600 665 ; 30 183 328 ; 18 325 353 ; 4 718 347 ; 5 642 991 ; 28 686 691 ; 101 553 249 ; 0.018 ; 0.076 ; 0.175 ; 0.023 ; 0.425 ; 0.718 ; 0.055 ; 0.297 ; 0.180 ; 0.046 ; 0.056 ; 0.282 ; 1.000 ;1;1;0;0
2018;Chiefs; 6 462 373 ; 3 839 568 ; 13 410 657 ; 12 846 159 ; 35 054 355 ; 71 613 112 ; 13 806 414 ; 30 874 001 ; 37 313 414 ; 20 988 021 ; 5 449 388 ; 63 750 823 ; 135 363 935 ; 0.048 ; 0.028 ; 0.099 ; 0.095 ; 0.259 ; 0.529 ; 0.102 ; 0.228 ; 0.276 ; 0.155 ; 0.040 ; 0.471 ; 1.000 ;1;1;0;0
2018;Giants; 23 411 925 ; 11 329 128 ; 12 265 128 ; 7 070 209 ; 16 351 639 ; 70 428 029 ; 6 466 608 ; 23 401 317 ; 30 767 653 ; 5 267 371 ; 13 155 011 ; 49 190 035 ; 119 618 064 ; 0.196 ; 0.095 ; 0.103 ; 0.059 ; 0.137 ; 0.589 ; 0.054 ; 0.196 ; 0.257 ; 0.044 ; 0.110 ; 0.411 ; 1.000 ;0;0;0;0
2018;Ravens; 27 572 118 ; 3 363 334 ; 12 886 087 ; 4 763 673 ; 21 740 115 ; 70 325 327 ; 10 287 179 ; 11 748 483 ; 22 742 528 ; 16 441 962 ; 26 734 432 ; 65 918 922 ; 136 244 249 ; 0.202 ; 0.025 ; 0.095 ; 0.035 ; 0.160 ; 0.516 ; 0.076 ; 0.086 ; 0.167 ; 0.121 ; 0.196 ; 0.484 ; 1.000 ;1;1;0;0
2018;Titans; 9 704 446 ; 6 578 378 ; 8 480 482 ; 11 782 366 ; 33 732 729 ; 70 278 401 ; 26 799 400 ; 19 778 901 ; 32 001 276 ; 11 696 707 ; 20 975 177 ; 64 673 160 ; 134 951 561 ; 0.072 ; 0.049 ; 0.063 ; 0.087 ; 0.250 ; 0.521 ; 0.199 ; 0.147 ; 0.237 ; 0.087 ; 0.155 ; 0.479 ; 1.000 ;0;0;0;0
2018;Broncos; 15 706 000 ; 1 963 621 ; 14 510 892 ; 2 980 830 ; 27 685 340 ; 62 846 683 ; 19 610 747 ; 22 060 696 ; 35 687 193 ; 8 651 558 ; 23 101 585 ; 67 440 336 ; 130 287 019 ; 0.121 ; 0.015 ; 0.111 ; 0.023 ; 0.212 ; 0.482 ; 0.151 ; 0.169 ; 0.274 ; 0.066 ; 0.177 ; 0.518 ; 1.000 ;0;0;0;0
2018;Rams; 8 767 592 ; 9 038 320 ; 14 151 679 ; 2 758 153 ; 27 763 882 ; 62 479 626 ; 39 110 096 ; 5 771 005 ; 16 683 801 ; 13 578 223 ; 20 726 753 ; 50 988 777 ; 113 468 403 ; 0.077 ; 0.080 ; 0.125 ; 0.024 ; 0.245 ; 0.551 ; 0.345 ; 0.051 ; 0.147 ; 0.120 ; 0.183 ; 0.449 ; 1.000 ;1;1;1;0
2018;Texans; 4 498 746 ; 8 781 571 ; 22 937 792 ; 3 958 681 ; 21 831 728 ; 62 008 518 ; 19 458 959 ; 20 876 470 ; 31 379 670 ; 11 881 679 ; 32 029 767 ; 75 291 116 ; 137 299 634 ; 0.033 ; 0.064 ; 0.167 ; 0.029 ; 0.159 ; 0.452 ; 0.142 ; 0.152 ; 0.229 ; 0.087 ; 0.233 ; 0.548 ; 1.000 ;1;1;0;0
2018;Cardinals; 5 229 993 ; 6 642 019 ; 21 383 544 ; 8 338 914 ; 16 580 007 ; 58 174 477 ; 6 574 896 ; 19 546 315 ; 16 503 217 ; 8 859 951 ; 16 131 635 ; 41 494 803 ; 99 669 280 ; 0.052 ; 0.067 ; 0.215 ; 0.084 ; 0.166 ; 0.584 ; 0.066 ; 0.196 ; 0.166 ; 0.089 ; 0.162 ; 0.416 ; 1.000 ;0;0;0;0
2018;Bills; 4 972 932 ; 12 700 103 ; 3 135 006 ; 10 226 000 ; 13 535 618 ; 44 569 659 ; 13 874 163 ; 18 752 548 ; 8 735 891 ; 12 472 941 ; 7 366 816 ; 28 575 648 ; 73 145 307 ; 0.068 ; 0.174 ; 0.043 ; 0.140 ; 0.185 ; 0.609 ; 0.190 ; 0.256 ; 0.119 ; 0.171 ; 0.101 ; 0.391 ; 1.000 ;0;0;0;0
2019;Packers; 30 060 000 ; 2 275 911 ; 16 313 123 ; 16 508 239 ; 45 779 795 ; 110 937 068 ; 8 776 062 ; 18 915 217 ; 23 628 563 ; 9 680 462 ; 13 575 522 ; 46 884 547 ; 157 821 615 ; 0.190 ; 0.014 ; 0.103 ; 0.105 ; 0.290 ; 0.703 ; 0.056 ; 0.120 ; 0.150 ; 0.061 ; 0.086 ; 0.297 ; 1.000 ;1;1;0;0
2019;Buccaneers; 23 770 750 ; 5 056 256 ; 21 774 081 ; 11 313 773 ; 42 981 228 ; 104 896 088 ; 21 184 145 ; 18 583 642 ; 24 235 530 ; 5 355 326 ; 6 147 003 ; 35 737 859 ; 140 633 947 ; 0.169 ; 0.036 ; 0.155 ; 0.080 ; 0.306 ; 0.746 ; 0.151 ; 0.132 ; 0.172 ; 0.038 ; 0.044 ; 0.254 ; 1.000 ;0;0;0;0
2019;Chargers; 27 064 655 ; 6 477 550 ; 23 608 026 ; 7 014 216 ; 37 523 591 ; 101 688 038 ; 8 892 283 ; 28 638 532 ; 13 732 642 ; 7 265 608 ; 12 377 117 ; 33 375 367 ; 135 063 405 ; 0.200 ; 0.048 ; 0.175 ; 0.052 ; 0.278 ; 0.753 ; 0.066 ; 0.212 ; 0.102 ; 0.054 ; 0.092 ; 0.247 ; 1.000 ;0;0;0;0
2019;Redskins; 29 974 202 ; 8 218 621 ; 9 962 196 ; 17 664 279 ; 32 197 919 ; 98 017 217 ; 11 134 561 ; 18 408 787 ; 22 258 256 ; 7 558 867 ; 22 689 383 ; 52 506 506 ; 150 523 723 ; 0.199 ; 0.055 ; 0.066 ; 0.117 ; 0.214 ; 0.651 ; 0.074 ; 0.122 ; 0.148 ; 0.050 ; 0.151 ; 0.349 ; 1.000 ;0;0;0;0
2019;Bengals; 17 389 080 ; 7 753 530 ; 28 740 271 ; 10 882 654 ; 32 697 458 ; 97 462 993 ; 17 886 875 ; 14 112 308 ; 4 597 140 ; 7 071 863 ; 23 542 739 ; 35 211 742 ; 132 674 735 ; 0.131 ; 0.058 ; 0.217 ; 0.082 ; 0.246 ; 0.735 ; 0.135 ; 0.106 ; 0.035 ; 0.053 ; 0.177 ; 0.265 ; 1.000 ;0;0;0;0
2019;Raiders; 25 688 481 ; 8 002 165 ; 14 399 349 ; 5 767 514 ; 40 914 105 ; 94 771 614 ; 5 970 975 ; 10 718 493 ; 8 512 658 ; 19 976 408 ; 9 652 415 ; 38 141 481 ; 132 913 095 ; 0.193 ; 0.060 ; 0.108 ; 0.043 ; 0.308 ; 0.713 ; 0.045 ; 0.081 ; 0.064 ; 0.150 ; 0.073 ; 0.287 ; 1.000 ;0;0;0;0
2019;Browns; 11 826 075 ; 3 404 034 ; 35 727 967 ; 6 562 380 ; 36 723 539 ; 94 243 995 ; 11 397 361 ; 24 112 662 ; 14 396 593 ; 15 255 977 ; 21 268 697 ; 50 921 267 ; 145 165 262 ; 0.081 ; 0.023 ; 0.246 ; 0.045 ; 0.253 ; 0.649 ; 0.079 ; 0.166 ; 0.099 ; 0.105 ; 0.147 ; 0.351 ; 1.000 ;0;0;0;0
2019;49ers; 21 532 358 ; 14 578 972 ; 15 938 972 ; 4 258 221 ; 37 558 398 ; 93 866 921 ; 7 219 127 ; 39 706 057 ; 15 326 818 ; 10 736 568 ; 14 706 919 ; 40 770 305 ; 134 637 226 ; 0.160 ; 0.108 ; 0.118 ; 0.032 ; 0.279 ; 0.697 ; 0.054 ; 0.295 ; 0.114 ; 0.080 ; 0.109 ; 0.303 ; 1.000 ;1;1;1;0
2019;Cowboys; 2 903 516 ; 7 258 235 ; 23 195 205 ; 6 115 957 ; 52 928 659 ; 92 401 572 ; 16 270 733 ; 23 747 008 ; 14 935 984 ; 5 626 954 ; 11 759 970 ; 32 322 908 ; 124 724 480 ; 0.023 ; 0.058 ; 0.186 ; 0.049 ; 0.424 ; 0.741 ; 0.130 ; 0.190 ; 0.120 ; 0.045 ; 0.094 ; 0.259 ; 1.000 ;0;0;0;0
2019;Saints; 26 595 000 ; 3 756 693 ; 13 051 443 ; 6 502 176 ; 42 404 701 ; 92 310 013 ; 10 807 620 ; 14 664 025 ; 20 311 789 ; 4 882 312 ; 15 946 422 ; 41 140 523 ; 133 450 536 ; 0.199 ; 0.028 ; 0.098 ; 0.049 ; 0.318 ; 0.692 ; 0.081 ; 0.110 ; 0.152 ; 0.037 ; 0.119 ; 0.308 ; 1.000 ;1;1;0;0
2019;Titans; 23 283 000 ; 7 319 205 ; 16 140 089 ; 8 786 988 ; 34 514 326 ; 90 043 608 ; 25 607 015 ; 8 743 596 ; 19 659 370 ; 8 433 793 ; 30 531 666 ; 58 624 829 ; 148 668 437 ; 0.157 ; 0.049 ; 0.109 ; 0.059 ; 0.232 ; 0.606 ; 0.172 ; 0.059 ; 0.132 ; 0.057 ; 0.205 ; 0.394 ; 1.000 ;1;0;0;0
2019;Colts; 11 793 235 ; 2 907 359 ; 31 309 352 ; 14 412 750 ; 29 096 324 ; 89 519 020 ; 7 573 598 ; 30 092 570 ; 4 862 403 ; 9 200 559 ; 21 669 013 ; 35 731 975 ; 125 250 995 ; 0.094 ; 0.023 ; 0.250 ; 0.115 ; 0.232 ; 0.715 ; 0.060 ; 0.240 ; 0.039 ; 0.073 ; 0.173 ; 0.285 ; 1.000 ;0;0;0;0
2019;Giants; 28 405 163 ; 8 989 981 ; 16 166 352 ; 8 759 798 ; 26 599 108 ; 88 920 402 ; 7 672 043 ; 11 674 925 ; 25 906 850 ; 8 300 429 ; 5 000 958 ; 39 208 237 ; 128 128 639 ; 0.222 ; 0.070 ; 0.126 ; 0.068 ; 0.208 ; 0.694 ; 0.060 ; 0.091 ; 0.202 ; 0.065 ; 0.039 ; 0.306 ; 1.000 ;0;0;0;0
2019;Vikings; 29 905 000 ; 4 409 766 ; 22 442 158 ; 6 058 384 ; 24 116 130 ; 86 931 438 ; 15 739 296 ; 23 058 833 ; 12 871 959 ; 15 018 703 ; 27 075 664 ; 54 966 326 ; 141 897 764 ; 0.211 ; 0.031 ; 0.158 ; 0.043 ; 0.170 ; 0.613 ; 0.111 ; 0.163 ; 0.091 ; 0.106 ; 0.191 ; 0.387 ; 1.000 ;1;0;0;0
2019;Rams; 11 765 577 ; 12 126 193 ; 26 412 655 ; 4 228 642 ; 31 811 467 ; 86 344 534 ; 30 585 660 ; 17 851 822 ; 23 981 219 ; 9 800 904 ; 11 806 937 ; 45 589 060 ; 131 933 594 ; 0.089 ; 0.092 ; 0.200 ; 0.032 ; 0.241 ; 0.654 ; 0.232 ; 0.135 ; 0.182 ; 0.074 ; 0.089 ; 0.346 ; 1.000 ;0;0;0;0
2019;Lions; 31 930 059 ; 2 307 429 ; 17 465 459 ; 6 730 065 ; 27 129 944 ; 85 562 956 ; 15 087 044 ; 9 609 031 ; 15 306 901 ; 5 017 157 ; 23 637 112 ; 43 961 170 ; 129 524 126 ; 0.247 ; 0.018 ; 0.135 ; 0.052 ; 0.209 ; 0.661 ; 0.116 ; 0.074 ; 0.118 ; 0.039 ; 0.182 ; 0.339 ; 1.000 ;0;0;0;0
2019;Chiefs; 9 669 308 ; 6 758 058 ; 25 947 032 ; 12 311 400 ; 30 594 087 ; 85 279 885 ; 7 958 341 ; 13 963 072 ; 12 349 549 ; 14 285 030 ; 9 297 683 ; 35 932 262 ; 121 212 147 ; 0.080 ; 0.056 ; 0.214 ; 0.102 ; 0.252 ; 0.704 ; 0.066 ; 0.115 ; 0.102 ; 0.118 ; 0.077 ; 0.296 ; 1.000 ;1;1;1;1
2019;Seahawks; 26 996 766 ; 5 035 413 ; 12 335 319 ; 6 730 075 ; 34 000 896 ; 85 098 469 ; 5 120 514 ; 21 581 217 ; 35 139 216 ; 11 309 969 ; 3 644 336 ; 50 093 521 ; 135 191 990 ; 0.200 ; 0.037 ; 0.091 ; 0.050 ; 0.252 ; 0.629 ; 0.038 ; 0.160 ; 0.260 ; 0.084 ; 0.027 ; 0.371 ; 1.000 ;1;0;0;0
2019;Falcons; 18 063 000 ; 9 484 109 ; 15 332 230 ; 5 258 881 ; 36 609 416 ; 84 747 636 ; 16 627 824 ; 11 315 966 ; 21 102 931 ; 10 218 404 ; 17 012 133 ; 48 333 468 ; 133 081 104 ; 0.136 ; 0.071 ; 0.115 ; 0.040 ; 0.275 ; 0.637 ; 0.125 ; 0.085 ; 0.159 ; 0.077 ; 0.128 ; 0.363 ; 1.000 ;0;0;0;0
2019;Eagles; 14 278 779 ; 5 468 274 ; 20 005 045 ; 7 822 805 ; 36 444 965 ; 84 019 868 ; 17 465 235 ; 11 566 811 ; 7 692 784 ; 20 577 441 ; 9 679 240 ; 37 949 465 ; 121 969 333 ; 0.117 ; 0.045 ; 0.164 ; 0.064 ; 0.299 ; 0.689 ; 0.143 ; 0.095 ; 0.063 ; 0.169 ; 0.079 ; 0.311 ; 1.000 ;1;1;0;0
2019;Patriots; 22 535 204 ; 12 229 419 ; 20 229 111 ; 2 677 268 ; 23 725 711 ; 81 396 713 ; 6 821 358 ; 10 843 485 ; 23 365 010 ; 27 918 225 ; 18 863 654 ; 70 146 889 ; 151 543 602 ; 0.149 ; 0.081 ; 0.133 ; 0.018 ; 0.157 ; 0.537 ; 0.045 ; 0.072 ; 0.154 ; 0.184 ; 0.124 ; 0.463 ; 1.000 ;1;1;0;0
2019;Jets; 9 491 711 ; 11 432 801 ; 19 374 147 ; 3 093 662 ; 36 043 947 ; 79 436 268 ; 19 018 512 ; 6 035 480 ; 30 512 660 ; 11 243 424 ; 22 098 745 ; 63 854 829 ; 143 291 097 ; 0.066 ; 0.080 ; 0.135 ; 0.022 ; 0.252 ; 0.554 ; 0.133 ; 0.042 ; 0.213 ; 0.078 ; 0.154 ; 0.446 ; 1.000 ;0;0;0;0
2019;Steelers; 27 991 392 ; 1 766 913 ; 4 570 576 ; 8 105 668 ; 36 091 768 ; 78 526 317 ; 31 563 825 ; 14 409 336 ; 27 465 837 ; 5 534 972 ; 18 112 322 ; 51 113 131 ; 129 639 448 ; 0.216 ; 0.014 ; 0.035 ; 0.063 ; 0.278 ; 0.606 ; 0.243 ; 0.111 ; 0.212 ; 0.043 ; 0.140 ; 0.394 ; 1.000 ;0;0;0;0
2019;Texans; 7 833 793 ; 12 744 125 ; 27 327 533 ; 3 376 502 ; 26 680 848 ; 77 962 801 ; 25 498 793 ; 17 224 602 ; 27 756 108 ; 10 155 128 ; 20 683 883 ; 58 595 119 ; 136 557 920 ; 0.057 ; 0.093 ; 0.200 ; 0.025 ; 0.195 ; 0.571 ; 0.187 ; 0.126 ; 0.203 ; 0.074 ; 0.151 ; 0.429 ; 1.000 ;1;1;0;0
2019;Bears; 14 055 437 ; 1 792 775 ; 28 561 458 ; 12 492 121 ; 19 864 821 ; 76 766 612 ; 18 306 693 ; 19 067 986 ; 35 184 690 ; 5 683 006 ; 30 304 445 ; 71 172 141 ; 147 938 753 ; 0.095 ; 0.012 ; 0.193 ; 0.084 ; 0.134 ; 0.519 ; 0.124 ; 0.129 ; 0.238 ; 0.038 ; 0.205 ; 0.481 ; 1.000 ;0;0;0;0
2019;Cardinals; 8 296 599 ; 12 140 266 ; 16 808 799 ; 3 454 485 ; 34 090 044 ; 74 790 193 ; 9 934 630 ; 19 020 841 ; 29 374 530 ; 4 786 932 ; 17 466 133 ; 51 627 595 ; 126 417 788 ; 0.066 ; 0.096 ; 0.133 ; 0.027 ; 0.270 ; 0.592 ; 0.079 ; 0.150 ; 0.232 ; 0.038 ; 0.138 ; 0.408 ; 1.000 ;0;0;0;0
2019;Jaguars; 13 149 963 ; 9 322 496 ; 14 222 679 ; 5 571 425 ; 32 059 337 ; 74 325 900 ; 13 238 114 ; 21 943 609 ; 12 613 248 ; 6 099 139 ; 24 483 009 ; 43 195 396 ; 117 521 296 ; 0.112 ; 0.079 ; 0.121 ; 0.047 ; 0.273 ; 0.632 ; 0.113 ; 0.187 ; 0.107 ; 0.052 ; 0.208 ; 0.368 ; 1.000 ;0;0;0;0
2019;Panthers; 24 395 545 ; 6 283 177 ; 9 197 102 ; 9 028 498 ; 22 616 326 ; 71 520 648 ; 30 399 334 ; 18 490 862 ; 40 767 860 ; 8 586 514 ; 7 357 669 ; 56 712 043 ; 128 232 691 ; 0.190 ; 0.049 ; 0.072 ; 0.070 ; 0.176 ; 0.558 ; 0.237 ; 0.144 ; 0.318 ; 0.067 ; 0.057 ; 0.442 ; 1.000 ;0;0;0;0
2019;Bills; 6 713 826 ; 4 562 191 ; 18 785 529 ; 10 198 933 ; 31 194 376 ; 71 454 855 ; 21 159 179 ; 26 135 699 ; 11 160 531 ; 12 774 835 ; 7 549 959 ; 31 485 325 ; 102 940 180 ; 0.065 ; 0.044 ; 0.182 ; 0.099 ; 0.303 ; 0.694 ; 0.206 ; 0.254 ; 0.108 ; 0.124 ; 0.073 ; 0.306 ; 1.000 ;1;0;0;0
2019;Ravens; 4 187 820 ; 4 647 747 ; 12 405 040 ; 6 811 187 ; 24 600 941 ; 52 652 735 ; 21 429 512 ; 5 276 260 ; 10 453 396 ; 23 587 904 ; 39 039 526 ; 73 080 826 ; 125 733 561 ; 0.033 ; 0.037 ; 0.099 ; 0.054 ; 0.196 ; 0.419 ; 0.170 ; 0.042 ; 0.083 ; 0.188 ; 0.310 ; 0.581 ; 1.000 ;1;1;0;0
2019;Broncos; 6 936 162 ; 4 939 853 ; 4 509 420 ; 7 824 076 ; 26 251 247 ; 50 460 758 ; 19 079 701 ; 32 887 968 ; 40 689 052 ; 11 185 503 ; 19 461 415 ; 71 335 970 ; 121 796 728 ; 0.057 ; 0.041 ; 0.037 ; 0.064 ; 0.216 ; 0.414 ; 0.157 ; 0.270 ; 0.334 ; 0.092 ; 0.160 ; 0.586 ; 1.000 ;0;0;0;0
2019;Dolphins; 7 119 898 ; 1 989 719 ; 22 104 923 ; 2 790 180 ; 10 059 484 ; 44 064 204 ; 7 091 738 ; 4 500 733 ; 9 743 306 ; 29 348 047 ; 17 524 815 ; 56 616 168 ; 100 680 372 ; 0.071 ; 0.020 ; 0.220 ; 0.028 ; 0.100 ; 0.438 ; 0.070 ; 0.045 ; 0.097 ; 0.291 ; 0.174 ; 0.562 ; 1.000 ;0;0;0;0
2020;Colts; 47 855 566 ; 6 762 841 ; 24 144 097 ; 12 958 333 ; 49 676 224 ; 141 397 061 ; 36 791 992 ; 15 132 225 ; 9 295 006 ; 7 758 077 ; 15 918 224 ; 32 971 307 ; 174 368 368 ; 0.274 ; 0.039 ; 0.138 ; 0.074 ; 0.285 ; 0.811 ; 0.211 ; 0.087 ; 0.053 ; 0.044 ; 0.091 ; 0.189 ; 1.000 ;0;0;0;0
2020;Raiders; 32 758 000 ; 9 947 969 ; 18 606 339 ; 17 051 264 ; 58 357 569 ; 136 721 141 ; 15 603 580 ; 18 674 618 ; 26 458 259 ; 22 047 544 ; 11 311 212 ; 59 817 015 ; 196 538 156 ; 0.167 ; 0.051 ; 0.095 ; 0.087 ; 0.297 ; 0.696 ; 0.079 ; 0.095 ; 0.135 ; 0.112 ; 0.058 ; 0.304 ; 1.000 ;0;0;0;0
2020;Buccaneers; 28 145 833 ; 5 183 707 ; 26 835 434 ; 20 465 182 ; 44 792 592 ; 125 422 748 ; 18 967 974 ; 31 843 426 ; 39 322 861 ; 6 958 010 ; 9 405 836 ; 55 686 707 ; 181 109 455 ; 0.155 ; 0.029 ; 0.148 ; 0.113 ; 0.247 ; 0.693 ; 0.105 ; 0.176 ; 0.217 ; 0.038 ; 0.052 ; 0.307 ; 1.000 ;0;0;0;0
2020;Cowboys; 35 654 000 ; 13 579 248 ; 19 727 981 ; 7 698 130 ; 44 927 025 ; 121 586 384 ; 21 117 847 ; 26 860 600 ; 20 146 795 ; 8 685 281 ; 15 215 147 ; 44 047 223 ; 165 633 607 ; 0.215 ; 0.082 ; 0.119 ; 0.046 ; 0.271 ; 0.734 ; 0.127 ; 0.162 ; 0.122 ; 0.052 ; 0.092 ; 0.266 ; 1.000 ;0;0;0;0
2020;Eagles; 21 955 065 ; 4 669 351 ; 35 966 943 ; 16 278 728 ; 41 935 944 ; 120 806 031 ; 34 683 000 ; 14 735 947 ; 6 471 666 ; 11 172 708 ; 14 249 708 ; 31 894 082 ; 152 700 113 ; 0.144 ; 0.031 ; 0.236 ; 0.107 ; 0.275 ; 0.791 ; 0.227 ; 0.097 ; 0.042 ; 0.073 ; 0.093 ; 0.209 ; 1.000 ;0;0;0;0
2020;Titans; 23 745 421 ; 13 674 666 ; 25 173 942 ; 7 392 905 ; 48 766 056 ; 118 752 990 ; 16 714 125 ; 6 121 461 ; 25 162 636 ; 23 382 352 ; 23 524 522 ; 72 069 510 ; 190 822 500 ; 0.124 ; 0.072 ; 0.132 ; 0.039 ; 0.256 ; 0.622 ; 0.088 ; 0.032 ; 0.132 ; 0.123 ; 0.123 ; 0.378 ; 1.000 ;0;0;0;0
2020;Texans; 9 693 244 ; 17 229 583 ; 36 199 153 ; 6 712 950 ; 43 963 339 ; 113 798 269 ; 29 390 908 ; 16 837 888 ; 28 526 469 ; 9 272 996 ; 18 056 819 ; 55 856 284 ; 169 654 553 ; 0.057 ; 0.102 ; 0.213 ; 0.040 ; 0.259 ; 0.671 ; 0.173 ; 0.099 ; 0.168 ; 0.055 ; 0.106 ; 0.329 ; 1.000 ;0;0;0;0
2020;Chiefs; 8 874 038 ; 7 314 794 ; 41 426 404 ; 13 503 400 ; 42 647 320 ; 113 765 956 ; 20 342 145 ; 32 340 793 ; 22 841 711 ; 24 881 481 ; 9 768 871 ; 57 492 063 ; 171 258 019 ; 0.052 ; 0.043 ; 0.242 ; 0.079 ; 0.249 ; 0.664 ; 0.119 ; 0.189 ; 0.133 ; 0.145 ; 0.057 ; 0.336 ; 1.000 ;0;0;0;0
2020;Packers; 23 616 333 ; 8 243 907 ; 25 469 282 ; 5 903 132 ; 49 868 507 ; 113 101 161 ; 17 619 510 ; 37 152 967 ; 44 160 144 ; 16 389 018 ; 10 549 173 ; 71 098 335 ; 184 199 496 ; 0.128 ; 0.045 ; 0.138 ; 0.032 ; 0.271 ; 0.614 ; 0.096 ; 0.202 ; 0.240 ; 0.089 ; 0.057 ; 0.386 ; 1.000 ;0;0;0;0
2020;Falcons; 22 557 500 ; 10 576 942 ; 29 476 975 ; 4 738 276 ; 45 711 263 ; 113 060 956 ; 17 441 823 ; 19 750 786 ; 15 938 656 ; 19 481 233 ; 7 053 350 ; 42 473 239 ; 155 534 195 ; 0.145 ; 0.068 ; 0.190 ; 0.030 ; 0.294 ; 0.727 ; 0.112 ; 0.127 ; 0.102 ; 0.125 ; 0.045 ; 0.273 ; 1.000 ;0;0;0;0
2020;Seahawks; 32 501 666 ; 10 378 986 ; 20 095 805 ; 14 576 926 ; 34 968 677 ; 112 522 060 ; 13 316 861 ; 9 812 634 ; 35 650 082 ; 15 806 754 ; 11 325 709 ; 62 782 545 ; 175 304 605 ; 0.185 ; 0.059 ; 0.115 ; 0.083 ; 0.199 ; 0.642 ; 0.076 ; 0.056 ; 0.203 ; 0.090 ; 0.065 ; 0.358 ; 1.000 ;0;0;0;0
2020;Jets; 11 649 371 ; 19 116 390 ; 33 133 778 ; 6 466 597 ; 39 087 664 ; 109 453 800 ; 24 564 471 ; 9 637 750 ; 40 863 813 ; 11 696 466 ; 17 590 335 ; 70 150 614 ; 179 604 414 ; 0.065 ; 0.106 ; 0.184 ; 0.036 ; 0.218 ; 0.609 ; 0.137 ; 0.054 ; 0.228 ; 0.065 ; 0.098 ; 0.391 ; 1.000 ;0;0;0;0
2020;Browns; 13 286 873 ; 8 530 903 ; 36 118 868 ; 9 368 049 ; 41 846 829 ; 109 151 522 ; 23 016 223 ; 15 610 645 ; 7 391 378 ; 8 706 393 ; 20 552 070 ; 36 649 841 ; 145 801 363 ; 0.091 ; 0.059 ; 0.248 ; 0.064 ; 0.287 ; 0.749 ; 0.158 ; 0.107 ; 0.051 ; 0.060 ; 0.141 ; 0.251 ; 1.000 ;0;0;0;0
2020;Giants; 11 048 573 ; 13 581 071 ; 26 500 912 ; 10 115 447 ; 46 061 521 ; 107 307 524 ; 24 638 114 ; 9 135 204 ; 26 105 789 ; 8 079 687 ; 18 702 792 ; 52 888 268 ; 160 195 792 ; 0.069 ; 0.085 ; 0.165 ; 0.063 ; 0.288 ; 0.670 ; 0.154 ; 0.057 ; 0.163 ; 0.050 ; 0.117 ; 0.330 ; 1.000 ;0;0;0;0
2020;Saints; 31 961 000 ; 9 564 526 ; 19 794 255 ; 14 555 000 ; 29 755 217 ; 105 629 998 ; 23 233 176 ; 17 661 863 ; 20 465 965 ; 9 041 348 ; 16 123 022 ; 45 630 335 ; 151 260 333 ; 0.211 ; 0.063 ; 0.131 ; 0.096 ; 0.197 ; 0.698 ; 0.154 ; 0.117 ; 0.135 ; 0.060 ; 0.107 ; 0.302 ; 1.000 ;0;0;0;0
2020;Bills; 9 333 431 ; 7 171 977 ; 35 475 565 ; 11 592 433 ; 40 071 188 ; 103 644 594 ; 28 497 086 ; 33 261 967 ; 18 361 112 ; 17 968 376 ; 14 203 732 ; 50 533 220 ; 154 177 814 ; 0.061 ; 0.047 ; 0.230 ; 0.075 ; 0.260 ; 0.672 ; 0.185 ; 0.216 ; 0.119 ; 0.117 ; 0.092 ; 0.328 ; 1.000 ;0;0;0;0
2020;49ers; 29 082 844 ; 12 915 416 ; 15 164 141 ; 4 855 240 ; 38 962 303 ; 100 979 944 ; 6 376 427 ; 44 045 698 ; 10 727 411 ; 15 363 519 ; 24 485 345 ; 50 576 275 ; 151 556 219 ; 0.192 ; 0.085 ; 0.100 ; 0.032 ; 0.257 ; 0.666 ; 0.042 ; 0.291 ; 0.071 ; 0.101 ; 0.162 ; 0.334 ; 1.000 ;0;0;0;0
2020;Cardinals; 10 188 101 ; 11 393 755 ; 33 617 157 ; 6 123 332 ; 39 543 765 ; 100 866 110 ; 12 128 644 ; 24 561 188 ; 47 257 863 ; 6 021 610 ; 27 810 715 ; 81 090 188 ; 181 956 298 ; 0.056 ; 0.063 ; 0.185 ; 0.034 ; 0.217 ; 0.554 ; 0.067 ; 0.135 ; 0.260 ; 0.033 ; 0.153 ; 0.446 ; 1.000 ;0;0;0;0
2020;Patriots; 4 244 027 ; 13 640 746 ; 28 433 618 ; 5 017 747 ; 46 774 388 ; 98 110 526 ; 14 091 733 ; 11 840 741 ; 19 357 136 ; 18 975 307 ; 36 376 474 ; 74 708 917 ; 172 819 443 ; 0.025 ; 0.079 ; 0.165 ; 0.029 ; 0.271 ; 0.568 ; 0.082 ; 0.069 ; 0.112 ; 0.110 ; 0.210 ; 0.432 ; 1.000 ;0;0;0;0
2020;Bears; 16 699 259 ; 5 134 470 ; 28 694 227 ; 13 873 369 ; 32 406 996 ; 96 808 321 ; 30 223 869 ; 35 722 500 ; 48 680 387 ; 8 318 952 ; 24 658 077 ; 81 657 416 ; 178 465 737 ; 0.094 ; 0.029 ; 0.161 ; 0.078 ; 0.182 ; 0.542 ; 0.169 ; 0.200 ; 0.273 ; 0.047 ; 0.138 ; 0.458 ; 1.000 ;0;0;0;0
2020;Panthers; 15 565 545 ; 12 837 432 ; 22 884 325 ; 4 817 664 ; 39 789 461 ; 95 894 427 ; 32 396 634 ; 7 534 657 ; 19 832 262 ; 11 132 082 ; 7 551 882 ; 38 516 226 ; 134 410 653 ; 0.116 ; 0.096 ; 0.170 ; 0.036 ; 0.296 ; 0.713 ; 0.241 ; 0.056 ; 0.148 ; 0.083 ; 0.056 ; 0.287 ; 1.000 ;0;0;0;0
2020;Chargers; 8 854 655 ; 8 191 666 ; 24 877 441 ; 17 300 166 ; 35 373 061 ; 94 596 989 ; 12 775 726 ; 32 421 666 ; 17 744 177 ; 8 037 838 ; 26 648 332 ; 52 430 347 ; 147 027 336 ; 0.060 ; 0.056 ; 0.169 ; 0.118 ; 0.241 ; 0.643 ; 0.087 ; 0.221 ; 0.121 ; 0.055 ; 0.181 ; 0.357 ; 1.000 ;0;0;0;0
2020;Rams; 30 757 681 ; 4 855 746 ; 17 861 028 ; 13 693 234 ; 26 074 954 ; 93 242 643 ; 36 084 045 ; 11 683 488 ; 17 657 980 ; 7 195 972 ; 22 541 123 ; 47 395 075 ; 140 637 718 ; 0.219 ; 0.035 ; 0.127 ; 0.097 ; 0.185 ; 0.663 ; 0.257 ; 0.083 ; 0.126 ; 0.051 ; 0.160 ; 0.337 ; 1.000 ;0;0;0;0
2020;Lions; 23 975 000 ; 5 061 875 ; 22 397 339 ; 11 775 490 ; 30 006 821 ; 93 216 525 ; 10 339 794 ; 24 094 672 ; 18 475 783 ; 11 953 807 ; 23 646 928 ; 54 076 518 ; 147 293 043 ; 0.163 ; 0.034 ; 0.152 ; 0.080 ; 0.204 ; 0.633 ; 0.070 ; 0.164 ; 0.125 ; 0.081 ; 0.161 ; 0.367 ; 1.000 ;0;0;0;0
2020;Bengals; 2 159 080 ; 9 909 931 ; 39 735 291 ; 11 303 097 ; 28 622 268 ; 91 729 667 ; 29 396 394 ; 16 839 288 ; 5 613 572 ; 15 642 405 ; 29 733 430 ; 50 989 407 ; 142 719 074 ; 0.015 ; 0.069 ; 0.278 ; 0.079 ; 0.201 ; 0.643 ; 0.206 ; 0.118 ; 0.039 ; 0.110 ; 0.208 ; 0.357 ; 1.000 ;0;0;0;0
2020;Steelers; 26 929 620 ; 3 747 089 ; 8 290 606 ; 10 948 131 ; 41 642 924 ; 91 558 370 ; 38 732 158 ; 22 036 818 ; 34 741 482 ; 8 222 831 ; 25 074 577 ; 68 038 890 ; 159 597 260 ; 0.169 ; 0.023 ; 0.052 ; 0.069 ; 0.261 ; 0.574 ; 0.243 ; 0.138 ; 0.218 ; 0.052 ; 0.157 ; 0.426 ; 1.000 ;0;0;0;0
2020;Vikings; 23 107 500 ; 5 217 053 ; 20 230 310 ; 12 798 085 ; 28 257 430 ; 89 610 378 ; 14 713 879 ; 13 096 334 ; 30 074 840 ; 24 026 000 ; 9 099 409 ; 63 200 249 ; 152 810 627 ; 0.151 ; 0.034 ; 0.132 ; 0.084 ; 0.185 ; 0.586 ; 0.096 ; 0.086 ; 0.197 ; 0.157 ; 0.060 ; 0.414 ; 1.000 ;0;0;0;0
2020;Redskins; 24 864 836 ; 8 066 668 ; 10 601 150 ; 8 199 795 ; 36 670 201 ; 88 402 650 ; 16 049 118 ; 19 513 615 ; 33 171 917 ; 22 086 534 ; 12 986 099 ; 68 244 550 ; 156 647 200 ; 0.159 ; 0.051 ; 0.068 ; 0.052 ; 0.234 ; 0.564 ; 0.102 ; 0.125 ; 0.212 ; 0.141 ; 0.083 ; 0.436 ; 1.000 ;0;0;0;0
2020;Dolphins; 16 424 421 ; 10 281 072 ; 24 081 206 ; 4 071 310 ; 28 652 512 ; 83 510 521 ; 10 063 980 ; 32 634 989 ; 24 720 294 ; 17 188 918 ; 36 661 572 ; 78 570 784 ; 162 081 305 ; 0.101 ; 0.063 ; 0.149 ; 0.025 ; 0.177 ; 0.515 ; 0.062 ; 0.201 ; 0.153 ; 0.106 ; 0.226 ; 0.485 ; 1.000 ;0;0;0;0
2020;Jaguars; 3 036 029 ; 13 279 434 ; 15 263 209 ; 7 350 154 ; 37 205 500 ; 76 134 326 ; 12 216 868 ; 30 129 465 ; 26 036 815 ; 7 584 090 ; 14 667 626 ; 48 288 531 ; 124 422 857 ; 0.024 ; 0.107 ; 0.123 ; 0.059 ; 0.299 ; 0.612 ; 0.098 ; 0.242 ; 0.209 ; 0.061 ; 0.118 ; 0.388 ; 1.000 ;0;0;0;0
2020;Broncos; 4 631 034 ; 10 676 255 ; 9 881 916 ; 12 813 382 ; 33 796 634 ; 71 799 221 ; 24 612 908 ; 36 631 835 ; 47 030 331 ; 27 905 019 ; 25 492 980 ; 100 428 330 ; 172 227 551 ; 0.027 ; 0.062 ; 0.057 ; 0.074 ; 0.196 ; 0.417 ; 0.143 ; 0.213 ; 0.273 ; 0.162 ; 0.148 ; 0.583 ; 1.000 ;0;0;0;0
2020;Ravens; 6 410 016 ; 8 596 463 ; 14 715 851 ; 9 632 498 ; 25 183 920 ; 64 538 748 ; 33 899 319 ; 22 203 379 ; 26 741 713 ; 22 343 110 ; 34 472 511 ; 83 557 334 ; 148 096 082 ; 0.043 ; 0.058 ; 0.099 ; 0.065 ; 0.170 ; 0.436 ; 0.229 ; 0.150 ; 0.181 ; 0.151 ; 0.233 ; 0.564 ; 1.000 ;0;0;0;0
